Folder,Status,status_name,Expected,Have,MissingCount,MissingPreview
Trọng Sinh Ma Tu Bắt Đầu Nhặt Được Một Khỏa Zombie Tinh Cầu,1,CÃ²n tiáº¿p,2240,2240,0,
Nạn Đói Năm Trong Làng Thời Gian Thật Khoái Hoạt,1,CÃ²n tiáº¿p,756,756,0,
Nạn Đói Năm Ta Dùng Mỗi Ngày Tình Báo Nạp Thiếp Ăn Thịt,1,CÃ²n tiáº¿p,620,620,0,
Tuyệt Thế Dược Thần,0,HoÃ n thÃ nh,3118,3118,0,
Cửu Tiên Đồ,0,HoÃ n thÃ nh,2851,2851,0,
Kiếm Đạo Đệ Nhất Tiên,0,HoÃ n thÃ nh,3683,3683,0,
Từ Arknights Bắt Đầu Xây Dựng Thế Lực,1,CÃ²n tiáº¿p,218,218,0,
Học Đường Rực Cháy,3,Táº¡m dá»«ng,112,112,0,
Game Point Cú Đánh Cuối Cùng,0,CÃ²n tiáº¿p,10,10,0,
Tam Quốc Từ Giao Châu Bắt Đầu,1,CÃ²n tiáº¿p,283,283,0,
Thiên Hành,3,Táº¡m dá»«ng,36,36,0,
Cửu Đế,1,CÃ²n tiáº¿p,52,52,0,
Bất Diệt Kinh,1,CÃ²n tiáº¿p,207,207,0,
Hồi Kí Hadidu,3,Táº¡m dá»«ng,77,77,0,
Đại Việt Quỷ Vương,3,Táº¡m dá»«ng,354,354,0,
Ta Phát Hiện Thế Giới Bug,1,CÃ²n tiáº¿p,66,66,0,
Thần Võ Chiến Vương,0,HoÃ n thÃ nh,4544,4544,0,
Tiên Hiệp Thế Giới Internet,0,HoÃ n thÃ nh,947,947,0,
Long Cơ Chiến Hồn,3,Táº¡m dá»«ng,749,749,0,
Muốn Trường Sinh Trước Hết Phải Đồng Vợ Đồng Chồng,1,CÃ²n tiáº¿p,344,344,0,
Lan Khuấy Đảo Cổ Sử,1,CÃ²n tiáº¿p,131,131,0,
Hắn Chỉ Là Chơi Đùa Không Phải Viết Lên Thần Thoại,3,Táº¡m dá»«ng,67,67,0,
Tả Đạo Tiên Chủ,3,Táº¡m dá»«ng,46,46,0,
Quang Minh Bất Diệt Tín Ngưỡng Vĩnh Hằng,1,CÃ²n tiáº¿p,914,914,0,
Tây Sơn Hành Trình Vượt Thời Gian,1,CÃ²n tiáº¿p,596,596,0,
Đế Quốc Nhật Bản,3,Táº¡m dá»«ng,404,404,0,
Lê Dung,1,CÃ²n tiáº¿p,270,270,0,
Xuyên Mộng Giả,1,CÃ²n tiáº¿p,257,257,0,
Xuyên Thành Liếm Cẩu Nam Phụ Ta Một Cước Đạp Vỡ Thiên Mệnh,1,CÃ²n tiáº¿p,183,183,0,
Bắt Đầu Triệu Hoán Ba Ngàn Đại Đế Dọa Mộng Cửu Thiên Thập Địa,3,Táº¡m dá»«ng,90,90,0,
Từ Hoàn Mỹ Bắt Đầu Bảo Hồ Lô Thông Thiên,1,CÃ²n tiáº¿p,90,90,0,
Khoa Học Kiểu Conan Sōsōnin,1,CÃ²n tiáº¿p,88,88,0,
Hướng Quỷ Hứa Hẹn,1,CÃ²n tiáº¿p,88,88,0,
Sáng Thế Phá Kiếp,1,CÃ²n tiáº¿p,80,80,0,
Đấu La Võ Hồn La Tam Pháo Hextech Năm Tuyển Ba,1,CÃ²n tiáº¿p,92,92,0,
Siêu Nhân Diệt Tuyệt Chỉ Nam,1,CÃ²n tiáº¿p,75,75,0,
Tu Tiên Ta Không Phải Quyển Chỉ Là Chăm Chỉ Một Chút Xíu,1,CÃ²n tiáº¿p,74,74,0,
Cầm Kiếm Độc Hành Chém Quỷ Thần,1,CÃ²n tiáº¿p,70,70,0,
Ta Siêu Thị Máy Tính Gian Thương Khách Hàng Quỳ Cầu Đừng Đóng Cửa,1,CÃ²n tiáº¿p,70,70,0,
Thân Là Dũng Giả Ta Bị Lừa Thảm,1,CÃ²n tiáº¿p,57,57,0,
Ngự Thần Lục,1,CÃ²n tiáº¿p,46,46,0,
Tara Tiểu Thế Giới Chư Thiên Kỳ Diệu Mạo Hiểm,1,CÃ²n tiáº¿p,34,34,0,
Bạch Nguyệt Vân Thiên,3,Táº¡m dá»«ng,30,30,0,
Quán Net Âm Dương,1,CÃ²n tiáº¿p,29,29,0,
Trò Chơi Này Không Thích Hợp Ta Đào Quáng Thành Thần,1,CÃ²n tiáº¿p,25,25,0,
Thiên Y Phượng Cửu,0,HoÃ n thÃ nh,5272,5272,0,
Thần Hồn Chí Tôn,0,HoÃ n thÃ nh,4861,4861,0,
Cửu Chuyển Đạo Kinh,0,HoÃ n thÃ nh,3992,3992,0,
Phục Thiên Thị,0,HoÃ n thÃ nh,2973,2973,0,
Kiếm Trung Tiên,0,HoÃ n thÃ nh,2948,2948,0,
Đế Cuồng,1,CÃ²n tiáº¿p,2066,2066,0,
Tổng Mạn The Gamer,1,CÃ²n tiáº¿p,1331,1331,0,
Tiên Phệ,0,HoÃ n thÃ nh,1309,1309,0,
Trở Về 1996 Bắt Đầu Từ Chợ Lớn Bán Thịt Heo,1,CÃ²n tiáº¿p,1203,1203,0,
Ta Bán Hủ Tiếu Tại Dị Giới,1,CÃ²n tiáº¿p,1050,1050,0,
Xuyên Về Thời Lê Làm Quân Phiệt,1,CÃ²n tiáº¿p,1009,1009,0,
Thượng Thương Chi Hạ Tuyên Cổ Đệ Nhất Tiên,1,CÃ²n tiáº¿p,929,929,0,
Vạn Xuân Đế Quốc,1,CÃ²n tiáº¿p,733,733,0,
Đấu La Khí Vận Chi Nữ Cơ Duyên Tất Cả Là Của Ta,1,CÃ²n tiáº¿p,721,721,0,
Tiến Hóa Tại Vô Hạn Thế Giới,1,CÃ²n tiáº¿p,684,684,0,
Xuyên Toa,1,CÃ²n tiáº¿p,621,621,0,
Hệ Thống Thiên Ngoại Chi Ma,1,CÃ²n tiáº¿p,582,582,0,
Tiên Lộ Kỳ Duyên,1,CÃ²n tiáº¿p,557,557,0,
Đại Yêu Quái,1,CÃ²n tiáº¿p,465,465,0,
Mộng Đạo Trường Sinh,1,CÃ²n tiáº¿p,420,420,0,
Lol Thời Đại Quang Vinh,1,CÃ²n tiáº¿p,411,411,0,
Sword Art Online Kiếm Sĩ Ánh Trăng,1,CÃ²n tiáº¿p,404,404,0,
Kiếm Cốt Của Ta Hàng Năm Gia Tăng Một Tấc,1,CÃ²n tiáº¿p,506,506,0,
Ta Là Hàn Vũ Thiên,1,CÃ²n tiáº¿p,385,385,0,
Đưa Nước Việt Vươn Tầm Thế Giới phần 2 Vạn Biến Hư Ảo,1,CÃ²n tiáº¿p,381,381,0,
Số Phận Thời Đại Nguyên Thủy,1,CÃ²n tiáº¿p,350,350,0,
Sao Nỡ Làm Muggle Giữa Thế Giới Phép Thuật,1,CÃ²n tiáº¿p,328,328,0,
Ảnh Giới,1,CÃ²n tiáº¿p,311,311,0,
Ta Tại Tận Thế Trong Kinh Doanh Phòng Ăn Bạo Lửa,1,CÃ²n tiáº¿p,625,625,0,
Marvel Lão Cha Ta Là Tony Stark,3,Táº¡m dá»«ng,298,298,0,
Thực Tế Ảo Thống Lĩnh Quân Đoàn Hắc Ám,1,CÃ²n tiáº¿p,358,358,0,
Thiên La,1,CÃ²n tiáº¿p,296,296,0,
Môn Thần,1,CÃ²n tiáº¿p,293,293,0,
Sủng Thú Sư,1,CÃ²n tiáº¿p,285,285,0,
Yu Gi Oh Trở Thành Hack Là Loại Trải Nghiệm Gì,3,Táº¡m dá»«ng,280,280,0,
Cô Thôn Trường Đạo,1,CÃ²n tiáº¿p,273,273,0,
Nguyên Thủy,3,Táº¡m dá»«ng,260,260,0,
Đệ Nhất Thương Gia Từ Trò Chơi Bắt Đầu,1,CÃ²n tiáº¿p,256,256,0,
Bắc Minh Phong,1,CÃ²n tiáº¿p,874,874,0,
Yêu Võ Thần,1,CÃ²n tiáº¿p,250,250,0,
Trở Về Thế Kỉ 14,1,CÃ²n tiáº¿p,241,241,0,
Xuyên Nhanh Từ Blade Bắt Đầu,1,CÃ²n tiáº¿p,231,231,0,
Thanh Thu Linh Nguyệt,1,CÃ²n tiáº¿p,231,231,0,
Đồng Thời Xuyên Qua Bắt Đầu Từ Doraemon,3,Táº¡m dá»«ng,228,228,0,
Vũ Trụ Chi Khuyết,3,Táº¡m dá»«ng,217,217,0,
Mạt Thế Ta Kiến Thiết Tối Cường Căn Cứ Ngầm,1,CÃ²n tiáº¿p,205,205,0,
Tam Nguyên Chấn Thế,1,CÃ²n tiáº¿p,217,217,0,
Ta Mạnh Lên Nhờ Group Chat Vô Hạn Kĩ Năng,1,CÃ²n tiáº¿p,200,200,0,
Ta Đông Hoàng Thái Nhất Không Ứng Kiếp,1,CÃ²n tiáº¿p,197,197,0,
Nguyên Tổ,1,CÃ²n tiáº¿p,195,195,0,
Trọng Sinh Làm Nông Dân,1,CÃ²n tiáº¿p,189,189,0,
Địa Ngục Lĩnh Chủ,1,CÃ²n tiáº¿p,188,188,0,
Đấu La Chi Thiên Cơ Phượng Hoàng,1,CÃ²n tiáº¿p,186,186,0,
Tiên Lộ,3,Táº¡m dá»«ng,182,182,0,
Xuyên Việt Bắt Đầu Thành Luyện Kim Thuật Sư,1,CÃ²n tiáº¿p,181,181,0,
Bản Tọa Trần Đại Tiên Thích Thu Nghĩa Nữ,1,CÃ²n tiáº¿p,173,173,0,
Loạn Thế Cường Sinh,1,CÃ²n tiáº¿p,165,165,0,
Tây Du 81 Kiếp Nạn Bị Chơi Hỏng Rồi,1,CÃ²n tiáº¿p,158,158,0,
Hào Khí Anh Hùng,1,CÃ²n tiáº¿p,160,160,0,
Ta Muốn Tu Tiên Ta Không Muốn Làm Ông Trùm Truyền Thông Giải Trí,1,CÃ²n tiáº¿p,151,151,0,
Thiên Ly Vũ,1,CÃ²n tiáº¿p,132,132,0,
Chư Thiên Bắt Đầu Hành Trình Trở Thành Kẻ Thu Thập,3,Táº¡m dá»«ng,130,130,0,
Vừa Làm Ra App Du Lịch Ngươi Liền Mang Ta Xuyên Qua Nhị Thứ Nguyên,1,CÃ²n tiáº¿p,129,129,0,
Khải Hoàng Ma Thần,1,CÃ²n tiáº¿p,124,124,0,
Ta Tại Tu Tiên Giới Làm Du Thương,1,CÃ²n tiáº¿p,122,122,0,
Siêu Năng Lập Phương,3,Táº¡m dá»«ng,116,116,0,
Tình Họa Sơn Hà,1,CÃ²n tiáº¿p,115,115,0,
One Piece The Gamer Tại South Blue,1,CÃ²n tiáº¿p,113,113,0,
Dạng Thức Tâm Trí,1,CÃ²n tiáº¿p,111,111,0,
Chư Thiên Tiểu Lý Phi Đao Bắt Đầu,1,CÃ²n tiáº¿p,185,185,0,
Hồng Hoang Biên Niên Sử,1,CÃ²n tiáº¿p,107,107,0,
Mạt Thế Độc Tiên,1,CÃ²n tiáº¿p,105,105,0,
Tu Tiên Từ Thanh Trang Bị Bắt Đầu,1,CÃ²n tiáº¿p,1088,1088,0,
Việt Linh,1,CÃ²n tiáº¿p,103,103,0,
Honkai Star Rail Các Vì Sao Nơi Vũ Trụ,1,CÃ²n tiáº¿p,103,103,0,
Bói Toán Lấy Mạng Đổi Mệnh Dối Trời Gạt Đất,1,CÃ²n tiáº¿p,103,103,0,
Tận Thế Xuyên,1,CÃ²n tiáº¿p,101,101,0,
Tôi Gặp Phiên Bản Khác Giới Của Chính Mình,3,Táº¡m dá»«ng,101,101,0,
Dị Giới Thương Nhân,1,CÃ²n tiáº¿p,100,100,0,
Nguyên Thủy Thế Giới,3,Táº¡m dá»«ng,100,100,0,
Warhammer 40k Sứ Giả Của Những Vì Sao,1,CÃ²n tiáº¿p,99,99,0,
Tru Tiên Nhất Mộng,1,CÃ²n tiáº¿p,98,98,0,
Ta Đứng Đắn Học Sinh Mỗi Ngày Chỉ Ăn Chín Loại Ma Dược,1,CÃ²n tiáº¿p,96,96,0,
Max Cấp Võ Thánh Từ Tuyệt Thế Thần Công Bắt Đầu,1,CÃ²n tiáº¿p,97,97,0,
The Vampire s Bloodbound,1,CÃ²n tiáº¿p,93,93,0,
Fairy Tail Ta Ăn Goro Goro No Mi,3,Táº¡m dá»«ng,91,91,0,
Ta Có Một Tôn Quỷ Dị Lò Luyện,3,Táº¡m dá»«ng,91,91,0,
Hắc Ám Trở Lại,1,CÃ²n tiáº¿p,91,91,0,
Cản Bước Thiên Mệnh Chi Tử Tại Pháp Trị Thế Giới,1,CÃ²n tiáº¿p,91,91,0,
Là Ai Dạy Hắn Như Thế Luyện Kiếm,1,CÃ²n tiáº¿p,92,92,0,
Dạ Trung Vi Quang,1,CÃ²n tiáº¿p,91,91,0,
Quy Tắc Loại Quái Đàm 4016,1,CÃ²n tiáº¿p,90,90,0,
Sơ Tuyển Cấp Sss Hỗn Độn Thần Lôi Từ Đó Vô Địch,3,Táº¡m dá»«ng,90,90,0,
Phục Luân Hãm,3,Táº¡m dá»«ng,90,90,0,
Hàng Hải Quỷ Vương Kaido Chế Tạo 100 Nữ Thượng Huyền,1,CÃ²n tiáº¿p,90,90,0,
Võ Hồn Bạch Hổ Dị Năng Tỏa Cử Thế Vô Song,3,Táº¡m dá»«ng,90,90,0,
Ta Từ Hoành Đao Hướng Trời Cười,1,CÃ²n tiáº¿p,90,90,0,
Tiêu Dao Tiểu Thi Tiên,1,CÃ²n tiáº¿p,90,90,0,
Xạ Điêu Từ Tiêu Người Bắt Đầu,1,CÃ²n tiáº¿p,90,90,0,
Quá Tốt Rồi Là Biến Thái Hàng Xóm Chúng Ta Không Cứu Nổi,1,CÃ²n tiáº¿p,90,90,0,
Phá Giáp Cửu Trọng,1,CÃ²n tiáº¿p,90,90,0,
Cẩu Tại Võ Đạo Thế Giới Ta Nhặt Vạn Vật Dòng,1,CÃ²n tiáº¿p,90,90,0,
Hai Đời Thu Đồ Hệ Thống Vạn Cổ Đệ Nhất Tiên Tôn,3,Táº¡m dá»«ng,90,90,0,
Pháp Sư Lãnh Chúa Từ Hoang Dã Sinh Tồn Đến Vị Diện Chúa Tể,1,CÃ²n tiáº¿p,90,90,0,
Vô Hạn Phục Sinh Ta Tại Tu Tiên Gia Tộc Làm Cẩu Vương,1,CÃ²n tiáº¿p,90,90,0,
Nhường Ngươi Ngã Ngửa Làm Hoàng Đế Ngươi Dựa Vào Mô Phỏng Trảm Tiên Đế,1,CÃ²n tiáº¿p,105,105,0,
Cắn Thanh Lê,1,CÃ²n tiáº¿p,90,90,0,
Từ Bác Lãng Sa Thứ Tần Bắt Đầu Sáng Lập Ngàn Năm Thế Gia,1,CÃ²n tiáº¿p,90,90,0,
Bắt Đầu Tám Nữ Đế Từ Hôn Trở Tay Nạp Hậu Cung 3000,1,CÃ²n tiáº¿p,90,90,0,
Xuyên Qua Thành Bạch Nguyệt Quang Còn Phải Biến Thân Kamen Rider,1,CÃ²n tiáº¿p,90,90,0,
Thật Là Nhân Gian Thái Tuế Thần,3,Táº¡m dá»«ng,90,90,0,
Ta Gặm Tổ Tông Thế Nào,1,CÃ²n tiáº¿p,90,90,0,
Bày Quầy Bán Hàng Đoán Mệnh Một Ngày Trướng Một Năm Công Lực,1,CÃ²n tiáº¿p,90,90,0,
Xuyên Việt Tu Tiên Mượn Phu Nhân Cùng Di Nương Trúc Cơ,3,Táº¡m dá»«ng,90,90,0,
Xuyên Thành Kinh Vòng Đại Tiểu Thư Ngang Tàng Ức Điểm Thế Nào,1,CÃ²n tiáº¿p,90,90,0,
Đại Chúa Tể Hư Không Đại Đế Từ Đánh Dấu Bắt Đầu,1,CÃ²n tiáº¿p,90,90,0,
Cái Gì Để Cho Ta Thượng Thiên Tìm Tiên Tử Làm Nàng Dâu,1,CÃ²n tiáº¿p,90,90,0,
Sau Khi Xuyên Sách Ta Thành Nữ Đế,1,CÃ²n tiáº¿p,90,90,0,
Đã Nói Xong Bảo Vệ Khoa Làm Việc Ngươi Phá Cái Gì Án,1,CÃ²n tiáº¿p,90,90,0,
Đại Tống Văn Hào,1,CÃ²n tiáº¿p,90,90,0,
Thể Trọng Hối Đoái Hệ Thống Mập Mạp Nghịch Tập Kế Hoạch,1,CÃ²n tiáº¿p,90,90,0,
Khuấy Động 1979,1,CÃ²n tiáº¿p,90,90,0,
Thánh Tăng Này Diễn Kỹ Mười Phần Cao Siêu,3,Táº¡m dá»«ng,90,90,0,
Chưởng Thượng Kiều Kiều,1,CÃ²n tiáº¿p,90,90,0,
Thế Kỷ Mười Chín Bách Hóa Công Chúa,1,CÃ²n tiáº¿p,90,90,0,
Xuyên Thành Ác Độc Nữ Phối Về Sau Công Chúa Nàng Nằm Ngang,1,CÃ²n tiáº¿p,89,89,0,
Đấu La Xuyên Không Thành Cây Khiến Hồn Thú Vô Hạn Tiến Hóa,3,Táº¡m dá»«ng,89,89,0,
Già Thiên Bắt Đầu Bái Nhập Diêu Quang Thánh Địa,1,CÃ²n tiáº¿p,89,89,0,
Ngự Thú Bắt Đầu Từ Đả Phá Kết Cục Tử Vong If Tuyến,1,CÃ²n tiáº¿p,89,89,0,
Bắt Đầu Sáng Lập Thanh Long Hội Long Chủ Uy Danh Trấn Chư Thiên,1,CÃ²n tiáº¿p,89,89,0,
Hải Tặc Bắt Đầu Kiểm Kê Mới Tứ Hoàng Hải Quân Mộng,3,Táº¡m dá»«ng,89,89,0,
Trụ Ita,1,CÃ²n tiáº¿p,89,89,0,
Đêm Tối Về Sau,1,CÃ²n tiáº¿p,89,89,0,
Hải Tặc Trời Sinh Thần Lực Hải Quân Mạnh Nhất Quái Vật,3,Táº¡m dá»«ng,89,89,0,
Nhà Ta Nương Tử Không Phải Yêu,1,CÃ²n tiáº¿p,89,89,0,
Phi Điển Hình Số Tám Vị,3,Táº¡m dá»«ng,89,89,0,
Nhân Vật Phản Diện Bắt Đầu Nhân Vật Chính Muội Muội Tới Cửa Ba Lần,3,Táº¡m dá»«ng,89,89,0,
Nhà Vợ Là Đạn Hạt Nhân Thiếu Nữ,1,CÃ²n tiáº¿p,89,89,0,
Tiến Hóa Kỷ Nguyên,1,CÃ²n tiáº¿p,88,88,0,
Trở Về 2013 Bắt Đầu Từ Chứng Khoán Đến Đỉnh Hollywood,1,CÃ²n tiáº¿p,88,88,0,
Ta Thư Hữu Long Ngạo Thiên,3,Táº¡m dá»«ng,88,88,0,
Vạn Tuế Về Sau Kim Thủ Chỉ Khôi Phục,3,Táº¡m dá»«ng,88,88,0,
Bắt Đầu Trở Thành Tộc Trưởng Thực Lực Là Gia Tộc Tổng Hòa,3,Táº¡m dá»«ng,88,88,0,
Group Chat Từ Đấu La Bắt Đầu Rút Ra Kỳ Hoa Từ Điều,3,Táº¡m dá»«ng,88,88,0,
Thiên Long Ta Thành Tiêu Dao Phái Tiểu Sư Đệ,3,Táº¡m dá»«ng,88,88,0,
Đại Tần Cứu Vớt Thủy Hoàng Đế Tổng Quát Kế Hoạch,3,Táº¡m dá»«ng,88,88,0,
Khắc Nhập Khắc Nhập Khắc Xuất Khắc Xuất,1,CÃ²n tiáº¿p,88,88,0,
Đều Tu Tiên Ai Còn Tranh Thái Tử A,1,CÃ²n tiáº¿p,88,88,0,
Ta Hồng Long Muội Muội Muốn Ăn Hết Ta,1,CÃ²n tiáº¿p,90,90,0,
Để Ngươi Trùng Sinh Bù Đắp Tiếc Nuối Ngươi Đi Bù Đắp Thân Gia,1,CÃ²n tiáº¿p,88,88,0,
Tổng Võ Bắt Đầu Đánh Dấu Đại Nhật Như Lai Thần Chưởng,1,CÃ²n tiáº¿p,263,263,0,
Kh Alzhei In The Night Loạn Ức Trong Đêm Tối,3,Táº¡m dá»«ng,87,87,0,
Ai Nói Võ Đạo Yếu Nhìn Ta Đại Hoang Tù Thiên Chỉ,3,Táº¡m dá»«ng,87,87,0,
Cả Nhà Của Ta Đều Là Từ Post Bar Quen Biết,1,CÃ²n tiáº¿p,87,87,0,
Đoạ Ma,1,CÃ²n tiáº¿p,87,87,0,
Tu Tiên Tòng Chinh Phục Sư Nương Bắt Đầu Vô Địch,3,Táº¡m dá»«ng,87,87,0,
Một Ngày Một Viên Thăng Giai Đan Linh Thú Toàn Bộ Thăng Thần Thú,3,Táº¡m dá»«ng,87,87,0,
Yêu Thiên Tử,3,Táº¡m dá»«ng,87,87,0,
Trường Sinh Theo Chẻ Củi Bắt Đầu,1,CÃ²n tiáº¿p,87,87,0,
Tổng Võ Cẩu Thành Nguyên Anh Mở Đầu Bắt Lấy Hoàng Dung,1,CÃ²n tiáº¿p,87,87,0,
Bắt Đầu Cr Khuôn Mẫu Messi Cầu Ta Vào Barca,1,CÃ²n tiáº¿p,87,87,0,
Comic Từ Invincible Bắt Đầu,3,Táº¡m dá»«ng,87,87,0,
Cái Gì Gọi Là Ta Khống Chế Trò Chơi Kiếm Tiên Sống Lại,1,CÃ²n tiáº¿p,87,87,0,
Ta Chỉ Muốn Đi Kịch Bản Các Ngươi Hiểu Lầm A,3,Táº¡m dá»«ng,87,87,0,
Luyến Tại Cthulhu,1,CÃ²n tiáº¿p,91,91,0,
Từ Thọ Nguyên Cường Hóa Vạn Vật Bắt Đầu Trường Sinh Bất Tử,1,CÃ²n tiáº¿p,86,86,0,
Có Được 10 Vạn Dặm Đại Sơn Không Gian Sơn Hóa Lang,1,CÃ²n tiáº¿p,86,86,0,
Ta Một Giây Trướng Một Trùng Côn Trùng Trưởng Thành Tộc Thiên Tai,1,CÃ²n tiáº¿p,86,86,0,
Để Ngươi Đánh Nhau Gọi Người Ngươi Mang Ngàn Người Đi Gặp,3,Táº¡m dá»«ng,86,86,0,
Trực Tiếp Đòi Nợ Không Ngươi Đây Là Xét Nhà A,3,Táº¡m dá»«ng,86,86,0,
Hokage Bắt Đầu Bị Uỷ Thác Cho Tsunade,1,CÃ²n tiáº¿p,86,86,0,
Theo Trong Lòng Bàn Tay Tiên Lô Bắt Đầu Thành Tựu Tiên Tôn,1,CÃ²n tiáº¿p,86,86,0,
Cho Vay Tu Tiên Sau Đó Biến Thành Ma Đạo Yêu Nữ,1,CÃ²n tiáº¿p,86,86,0,
Mục Thần Ký Trời Sinh Trùng Đồng Chúng Thần Chi Thần,1,CÃ²n tiáº¿p,86,86,0,
Tiểu Thuyết Cha Ta Thông Dị Giới,3,Táº¡m dá»«ng,86,86,0,
Võ Thánh Ta Có Thể Siêu Thích Ứng Tiến Hóa,3,Táº¡m dá»«ng,85,85,0,
Tông Môn Của Ta Ức Điểm Mạnh,1,CÃ²n tiáº¿p,85,85,0,
Bè Gỗ Cầu Sinh Ta Có Thể Đa Tử Đa Phúc,3,Táº¡m dá»«ng,85,85,0,
Giết Yêu Trướng Tu Vi Đạo Gia Ta Thành,1,CÃ²n tiáº¿p,85,85,0,
Bắt Đầu Võ Đạo Đỉnh Cao Nhất Ta Xé Nát Kịch Bản,1,CÃ²n tiáº¿p,85,85,0,
Võ Đạo Vương Tộc Từ Tiểu Sơn Thôn Bắt Đầu Quật Khởi,3,Táº¡m dá»«ng,85,85,0,
Tam Quốc Mở Đầu Vạch Trần Lưu Bị Ta Tự Lập Làm Vương,3,Táº¡m dá»«ng,85,85,0,
Đấu La Bị Nghe Lén Tiếng Lòng Các Nàng Đều Không Thích Hợp,3,Táº¡m dá»«ng,85,85,0,
Tổng Võ Bắt Cóc Vương Ngữ Yên Thu Hoạch Được Trăm Năm Nội Lực,3,Táº¡m dá»«ng,85,85,0,
Hải Tặc Ta Tại Hải Quân Bản Bộ 9 Giờ Tới 5 Giờ Về,1,CÃ²n tiáº¿p,85,85,0,
Xem Như Ma Đầu Ngươi Để Ta Làm Văn Mạch Người Hộ Đạo,1,CÃ²n tiáº¿p,85,85,0,
Kẻ Ngoại Lai Gian Lận Để Trở Thành Kamenrider,3,Táº¡m dá»«ng,85,85,0,
Tận Thế Kiếm Thần Bắt Đầu Thức Tỉnh Thần Cấp Thiên Phú Chấn Kinh Toàn Cầu,1,CÃ²n tiáº¿p,85,85,0,
Tu Chân Tra Án Trấn Quỷ Bí,3,Táº¡m dá»«ng,85,85,0,
Thần Hào Ta Bàn Tay Vàng Mỗi Tuần Đổi Mới,1,CÃ²n tiáº¿p,85,85,0,
1990 Ta Chỉ Muốn Mang Nhi Nữ Đi Chính Đạo,3,Táº¡m dá»«ng,85,85,0,
Võ Hiệp Bên Cạnh Ta Thế Nào Đều Là Ác Nữ A,3,Táº¡m dá»«ng,85,85,0,
Ta Có Một Khỏa Gia Tộc Thiên Phú Thụ,3,Táº¡m dá»«ng,84,84,0,
Phim Ma Xâm Lấn Mỹ,3,Táº¡m dá»«ng,84,84,0,
Bắt Đầu Triệu Hoán Kiếm Thần Tạ Hiểu Phong Ta Cẩu Tại Phía Sau Màn,3,Táº¡m dá»«ng,84,84,0,
Đại Chu Võ Đế Từ Thu Hoạch Được Độ Thuần Thục Bảng Bắt Đầu,3,Táº¡m dá»«ng,84,84,0,
Ngày Hôm Nay Tiêu Vũ Bị Giáng Chức Sao,1,CÃ²n tiáº¿p,84,84,0,
Thần Ấn Vương Tọa Xán Lạn Thiên Uy Thánh Long Hàng Thế,3,Táº¡m dá»«ng,84,84,0,
Kiếm Lai Bắt Đầu Trần Bình An Tiễn Đưa Ta Long Vương Cái Sọt,3,Táº¡m dá»«ng,84,84,0,
Cái Gì Gọi Là Bạn Gái Cũ Tất Cả Đều Là Ma Nữ,3,Táº¡m dá»«ng,84,84,0,
Tu Hành Mười Ba Năm Mới Được Nhị Lang Chân Quân Truyền Thừa,1,CÃ²n tiáº¿p,84,84,0,
Loli Nửa Đêm Cầu Y Ta Khuyên Nàng Ít Dùng Trình Duyệt,3,Táº¡m dá»«ng,83,83,0,
1980 Ta Có Một Ngụm Linh Tuyền,3,Táº¡m dá»«ng,83,83,0,
Cả Nhà Trung Liệt Ngươi Hầu Lượng Bình Bắt Ta,3,Táº¡m dá»«ng,83,83,0,
Sau Khi Sống Lại Ta Tiệt Hồ Chị Vợ,1,CÃ²n tiáº¿p,83,83,0,
Tổng Võ Tào Tặc Dương Quá Từ Báo Thù Hoàng Dung Bắt Đầu,3,Táº¡m dá»«ng,83,83,0,
Hokage Nhẫn Thuật Của Ta Không Thích Hợp,3,Táº¡m dá»«ng,83,83,0,
Tiểu Hữu Buông Ra Thần Hồn Ngươi Thông Thiên Thay Mặt Tới,1,CÃ²n tiáº¿p,83,83,0,
Cho Ngươi Đi Vớt Thi Ngươi Giết Thành Hoàng Hà Cấm Kỵ,3,Táº¡m dá»«ng,83,83,0,
Ngộ Tính Tăng Gấp Bội Ta Hiến Tế Thành Nhân Gian Võ Thánh,1,CÃ²n tiáº¿p,89,89,0,
Bắt Đầu Phật Môn Phật Tử Ngươi Để Cho Ta Nhiều Con Nhiều Phúc,3,Táº¡m dá»«ng,83,83,0,
Lưỡng Giới Một Mặt Mạt Pháp Một Mặt Tiên Giới,1,CÃ²n tiáº¿p,83,83,0,
Người Tại Đấu Phá Rút Thưởng Thành Đế,1,CÃ²n tiáº¿p,82,82,0,
Văn Phòng Thám Tử Ác Ma Của Thế Giới Conan,1,CÃ²n tiáº¿p,82,82,0,
Cẩu Tại Loạn Thế Liều Thành Võ Tiên,1,CÃ²n tiáº¿p,90,90,0,
Ta Thật Sự Là Gia Đình Bình Thường Phải Tin Tưởng Khoa Học,1,CÃ²n tiáº¿p,82,82,0,
Giả Điên 18 Năm Chỉ Vì Thần Linh Quyền Hành,1,CÃ²n tiáº¿p,82,82,0,
Tổ Tông Không Cố Gắng Ta Làm Sao Thành Tiên,3,Táº¡m dá»«ng,82,82,0,
Cứu Vớt Vũ Trụ Từ Một Chiếc Vũ Trụ Phế Thuyền Bắt Đầu,1,CÃ²n tiáº¿p,83,83,0,
Ta Đại Minh Đệ Nhất Gian Thần Bị Màn Trời Bộc Quang,1,CÃ²n tiáº¿p,82,82,0,
Mount And Blade Pendor Từ Tự Xây Kỵ Sĩ Đoàn Bắt Đầu Thành Bá Chủ,1,CÃ²n tiáº¿p,82,82,0,
Gia Tộc Tu Tiên Từ Phàm Nhân Đến Vô Thượng Tiên Triều,3,Táº¡m dá»«ng,82,82,0,
Nhất Nhân Long Hổ Sơn Phế Vật Bắt Đầu Cường Hóa Kim Quang,3,Táº¡m dá»«ng,82,82,0,
Bắt Đầu Mercedes Benz G Class Tất Đen Giáo Hoa Thế Mà,3,Táº¡m dá»«ng,81,81,0,
Người Tại Già Thiên Ta Một Thân Chí Tôn Cốt Quét Ngang Vạn Cổ,3,Táº¡m dá»«ng,81,81,0,
Big G Máy Pha Cà Phê Và Goblin,3,Táº¡m dá»«ng,81,81,0,
Quỷ Dị Khôi Phục Trên Đời Có Thể Chỉ Có Một Mình Ta Là Quỷ Dị,1,CÃ²n tiáº¿p,81,81,0,
Vừa Bộc Phát Tận Thế Tẩy Trắng Hệ Thống Cái Quỷ Gì,3,Táº¡m dá»«ng,81,81,0,
Bị Thế Gia Tiểu Thư Cầm Tù Ta Trong Bóng Tối Ẩn Nhẫn,3,Táº¡m dá»«ng,81,81,0,
2001 Truyền Thông Giáo Phụ,1,CÃ²n tiáº¿p,81,81,0,
Bí Ẩn Trường Sinh Giả,1,CÃ²n tiáº¿p,81,81,0,
Tinh Không Chi Thượng Từ Bãi Săn Bắt Đầu Vung Đao,1,CÃ²n tiáº¿p,81,81,0,
Võ Thánh Bắt Đầu Loạn Thế Nghe Thấy Khoác Lác Liền Mạnh Lên,3,Táº¡m dá»«ng,81,81,0,
Hồng Hoang Vừa Thành Đại La Mới Biết Là Ma Đồng Hàng Thế,3,Táº¡m dá»«ng,81,81,0,
Ta Bày Sạp Đoán Mệnh Xà Yêu Tìm Đến Báo Ân,1,CÃ²n tiáº¿p,81,81,0,
Trường Sinh Từ Một Gốc Cây Bắt Đầu,3,Táº¡m dá»«ng,80,80,0,
Ta Dân Tục Máy Chơi Game,1,CÃ²n tiáº¿p,80,80,0,
Mục Thần Ký Vạn Đạo Tiệm Sách Bắt Đầu Hoang Cổ Thánh Thể,1,CÃ²n tiáº¿p,300,300,0,
Ta Thiên Đạo Để Địa Cầu Thành Tựu Vạn Giới Chí Cao,1,CÃ²n tiáº¿p,80,80,0,
Mộc Diệp Cái Này Uchiha Tùy Ý Tẩy Điểm,1,CÃ²n tiáº¿p,80,80,0,
Cái Này Uchiha Chỉ Muốn Phá Hủy Konoha,1,CÃ²n tiáº¿p,80,80,0,
Bạn Gái Của Ta Trọng Sinh,1,CÃ²n tiáº¿p,80,80,0,
Thời Gian Mang Thai Rơi Nước Mắt Đại Lão Ôn Nhu Thấp Hống Làm Càn Sủng,1,CÃ²n tiáº¿p,80,80,0,
Dị Tộc Xâm Lấn Ta Mở Ra Nhân Tộc Bản Quỷ Dị Buông Xuống,1,CÃ²n tiáº¿p,80,80,0,
Ta Đế Vương Đem Quốc Gia Thành Thiên Cổ Đệ Nhất,1,CÃ²n tiáº¿p,80,80,0,
Phản Phái Lão Tổ Bắt Đầu Nắm Khí Vận Chi Tử Lão Phùng,1,CÃ²n tiáº¿p,80,80,0,
Đấu Phá Gió Nổi Ô Thản,3,Táº¡m dá»«ng,80,80,0,
Giải Trí Bắt Đầu Từ Đạo Diễn,1,CÃ²n tiáº¿p,80,80,0,
Hải Tặc Hệ Thống Sớm Đến Cướp Mất Linlin,1,CÃ²n tiáº¿p,80,80,0,
Frieren Bắt Đầu Bái Sư Serie,1,CÃ²n tiáº¿p,80,80,0,
Trù Thần Cũng Phải Làm Bài Tập Mỹ Thực,1,CÃ²n tiáº¿p,79,79,0,
Chư Thiên Trò Chơi Tối Cường Người Chơi,1,CÃ²n tiáº¿p,79,79,0,
Không Có Tiền Đấu Cái Xe Gì,1,CÃ²n tiáº¿p,79,79,0,
Tử Vi Tiên Đồ,1,CÃ²n tiáº¿p,79,79,0,
Yêu Tử Vong Ngụy Nhân,3,Táº¡m dá»«ng,79,79,0,
Thiên Phú Chém Giết Theo Phần Trăm Ta Trở Tay Tốc Độ Đánh Kéo Căng,1,CÃ²n tiáº¿p,79,79,0,
Comic Ta Trưởng Thành Không Có Cực Hạn,1,CÃ²n tiáº¿p,100,100,0,
Mới Vừa Vô Địch Trùng Sinh Nữ Đế Cầu Ta Truyền Đạo Dạy Pháp,3,Táº¡m dá»«ng,79,79,0,
Xã Hội Không Tưởng Trục Trặc,1,CÃ²n tiáº¿p,79,79,0,
Ta Mỗi Ngày Đi Trong Mộng Thuê Tiểu Quái Vật,1,CÃ²n tiáº¿p,79,79,0,
Nữ Nhi Tu Vi Toàn Bộ Trả Về Ta Cẩu Đến Trường Sinh Vô Địch,3,Táº¡m dá»«ng,79,79,0,
Trấn Áp Yêu Ma Càng Điên Tu Vi Trướng Đến Càng Nhanh,3,Táº¡m dá»«ng,79,79,0,
Từ Chiếu Cố Sư Nương Bắt Đầu Võ Đạo Thành Thần,1,CÃ²n tiáº¿p,79,79,0,
Tống Võ Bị Đuổi Võ Đang Sau Ta Đạo Tâm Chủng Ma,1,CÃ²n tiáº¿p,79,79,0,
Nhiều Con Nhiều Phúc Sức Một Mình Chế Tạo Trường Sinh Gia Tộc,3,Táº¡m dá»«ng,79,79,0,
Đấu La Bắt Đầu Lộ Ra Ánh Sáng Thập Đại Ngụy Quân Tử,1,CÃ²n tiáº¿p,79,79,0,
Đối Tượng Thầm Mến Ở Đêm Khuya Gõ Cửa Phòng Của Ta,1,CÃ²n tiáº¿p,79,79,0,
Cao Võ Bắt Đầu Từ Ký Danh Thương Long Đoán Thể Thuật,1,CÃ²n tiáº¿p,79,79,0,
Công Chúa Trai Lơ Ngài Nhìn Thần Còn Có Cơ Hội Sao,3,Táº¡m dá»«ng,79,79,0,
Con Giun Chân Nhân,3,Táº¡m dá»«ng,79,79,0,
Đồng Thời Xuyên Qua Ngoại Trừ Ta Toàn Bộ Nhị Thứ Nguyên Lão Bà,1,CÃ²n tiáº¿p,79,79,0,
Đưa Lên Quá Khứ Chó Của Ta Thành Thượng Cổ Hắc Hoàng,1,CÃ²n tiáº¿p,80,80,0,
Vĩnh Sinh Người Không Tên,1,CÃ²n tiáº¿p,78,78,0,
Thâm Uyên Phần Cuối,1,CÃ²n tiáº¿p,78,78,0,
Zombie Bắt Đầu Đánh Dấu T1000,1,CÃ²n tiáº¿p,78,78,0,
Đánh Dấu Theo Linh Khí Bạo Phát Phía Trước Bắt Đầu Trữ Hàng,3,Táº¡m dá»«ng,78,78,0,
Phản Sáo Lộ Trùng Sinh,1,CÃ²n tiáº¿p,78,78,0,
Mỗi Ngày Một Môn Công Pháp Viên Mãn,1,CÃ²n tiáº¿p,80,80,0,
Đều Xuyên Qua Ai Còn Về Nhà Làm Thiếu Gia,3,Táº¡m dá»«ng,78,78,0,
Hokage Còn Không Có Mở Mắt Cho Ta Tẩy Trắng Hệ Thống,3,Táº¡m dá»«ng,78,78,0,
Bị Thánh Địa Lưu Đày Ta Nhất Niệm Nhập Vô Địch Đại Đế,3,Táº¡m dá»«ng,78,78,0,
Người Tại Tam Quốc Huynh Trưởng Quách Gia,3,Táº¡m dá»«ng,78,78,0,
Đều Tận Thế Hắn Làm Sao Đang Cười,3,Táº¡m dá»«ng,78,78,0,
Tây Du Từ Bái Sư Thái Ất Cứu Khổ Thiên Tôn Bắt Đầu,1,CÃ²n tiáº¿p,78,78,0,
Người Tại Thanh Vân Môn Hệ Thống Lại Tại Hoàn Mỹ Thế Giới,1,CÃ²n tiáº¿p,78,78,0,
Trường Sinh Từ Chiếu Cố Sư Nương Bắt Đầu,1,CÃ²n tiáº¿p,78,78,0,
Già Thiên Xuyên Qua Thánh Thể Trấn Áp Hắc Ám Náo Động,3,Táº¡m dá»«ng,78,78,0,
Toàn Dân Công Ty Tháp Phòng Công Ty Chỉ Một Mình Ta Nam Nhân,3,Táº¡m dá»«ng,78,78,0,
Bắt Đầu Màn Trời Ra Ánh Sáng Ta Sẽ Trở Thành Thiên Cổ Nhất Đế,1,CÃ²n tiáº¿p,78,78,0,
Đa Tử Đa Phúc Nữ Tướng Quân Cầu Ta Khai Chi Tán Diệp,1,CÃ²n tiáº¿p,77,77,0,
Tại Võng Du Làm Npc Để Người Chơi Toàn Server Xã Chết,1,CÃ²n tiáº¿p,77,77,0,
Ta Đại Phú Ông Trò Chơi Thành Sự Thật,3,Táº¡m dá»«ng,77,77,0,
Làm Cho Người Hướng Ác Từ Bạo Sát Bắt Nạt Người Bắt Đầu,3,Táº¡m dá»«ng,77,77,0,
Danh Sách Cầu Sinh Ta Vô Hạn Thăng Cấp Vật Tư Cùng Thân Thể,1,CÃ²n tiáº¿p,77,77,0,
Bị Npc Sưu Hồn Sau Ta Trở Thành Tiên Tử Tâm Ma,1,CÃ²n tiáº¿p,77,77,0,
Gia Tộc Tu Tiên Từ Phát Hiện Kim Đan Động Phủ Bắt Đầu,3,Táº¡m dá»«ng,76,76,0,
Người Tại Tổng Mạn Bắt Đầu Cướp Đoạt Xích Long Đế Dòng,1,CÃ²n tiáº¿p,76,76,0,
Kiều Tiểu Thư Cùng Thật Thiếu Gia,3,Táº¡m dá»«ng,76,76,0,
Đấu La Ta Thay Hoắc Vũ Hạo Làm Thần Vương Trùng Sinh,1,CÃ²n tiáº¿p,79,79,0,
Ngộ Tính Nghịch Thiên Ta Tu Luyện Cả Ngày Đỉnh Người Khác Trăm Năm,1,CÃ²n tiáº¿p,76,76,0,
Ta Làm Sao Còn Sống Sót,1,CÃ²n tiáº¿p,76,76,0,
Vừa Tới Đấu Phá Dược Lão Thêm Tiểu Lục Bình,3,Táº¡m dá»«ng,76,76,0,
Cha Đẻ Của Nước Pháp,1,CÃ²n tiáº¿p,76,76,0,
Mở Đầu Bị Vu Hãm Trực Tiếp Đánh Dấu Vô Địch Tu Vi,3,Táº¡m dá»«ng,76,76,0,
Trọng Sinh Mập Mạp Chết Bầm Một Tuần Nghịch Tập Thành Hoàn Mỹ Nam Thần,1,CÃ²n tiáº¿p,75,75,0,
Mạnh Nhất Trong Lịch Sử Hoàng Tử Bắt Đầu Lục Địa Thần Tiên,3,Táº¡m dá»«ng,75,75,0,
Thời Kỳ Băng Hà Cả Nước Bước Vào Kế Hoạch Dời Núi Của Ngu Công,1,CÃ²n tiáº¿p,75,75,0,
Trăm Tuổi Về Sau Cẩu Thả Hệ Thống Mới Kích Hoạt,3,Táº¡m dá»«ng,75,75,0,
Nhân Vật Phản Diện Thần Tử Khởi Đầu Từ Hôn Thiên Mệnh Nữ Đế,1,CÃ²n tiáº¿p,75,75,0,
Vừa Bước Vào Tiên Thiên Các Ngươi Cười Ta Phế Vật Hoàng Tử,1,CÃ²n tiáº¿p,75,75,0,
Mỗi Ngày Kết Toán Ta Lấy Thần Thông Đúc Trường Sinh,1,CÃ²n tiáº¿p,75,75,0,
Đạo Ma Trường Đồ,3,Táº¡m dá»«ng,75,75,0,
Phương Thốn Đạo Chủ,1,CÃ²n tiáº¿p,75,75,0,
Trúc Mã Từ Hôn Ta Quay Người Nhào Về Phía Kinh Vòng Đại Lão,1,CÃ²n tiáº¿p,75,75,0,
Cổ Thần Quỷ Dị Trò Chơi,1,CÃ²n tiáº¿p,75,75,0,
Thân Phận Của Ta Ngẫu Nhiên Đổi Mới,3,Táº¡m dá»«ng,75,75,0,
Song Xuyên Ta Haruno Sakura Đánh Xuyên Qua Hải Tặc,1,CÃ²n tiáº¿p,75,75,0,
Đấu La Tuyệt Thế Hoắc Vũ Hạo Hoắc Tam,1,CÃ²n tiáº¿p,74,74,0,
Bật Hack Sau Đó Trở Thành Thiên Tài Ngự Thú Sư,1,CÃ²n tiáº¿p,74,74,0,
Cẩu Tại Tông Môn Ta Là Tâm Ma Của Các Đời Thánh Nữ,3,Táº¡m dá»«ng,74,74,0,
Phù Du Tiên,1,CÃ²n tiáº¿p,74,74,0,
Tokyo Cái Này Nghịch Tập Hệ Thống Không Thích Hợp,1,CÃ²n tiáº¿p,74,74,0,
Đồ Nhi Tha Năm Vị Tuyệt Mỹ Sư Phụ A,1,CÃ²n tiáº¿p,74,74,0,
Hokage Ta Ảnh Phân Thân Ra Một Cái Kaguya,1,CÃ²n tiáº¿p,74,74,0,
Mê Vụ Thức Tỉnh Ta Có Thể Nhìn Đến Kim Sắc Nhắc Nhở,3,Táº¡m dá»«ng,74,74,0,
Mạt Pháp Thời Đại Luận Đạo Ngươi Đưa Tay Gọi Đến Thiên Lôi,3,Táº¡m dá»«ng,74,74,0,
Đấu La Bắt Đầu Cùng Bỉ Bỉ Đông Trao Đổi Thân Thể,3,Táº¡m dá»«ng,74,74,0,
Nhậm Chức Tencent Hỗn Ăn Lương Đủ Sống Làm Sao Thành Thủ Phú,1,CÃ²n tiáº¿p,73,73,0,
Tận Thế Đoàn Tàu Cầu Sinh Ta Là Đoàn Tàu Cảnh Sát Trưởng,1,CÃ²n tiáº¿p,73,73,0,
Bắt Đầu Mười Khỏa Trường Sinh Đan Ta Mang Thủy Hoàng Phản Đại Tần,3,Táº¡m dá»«ng,73,73,0,
Trùng Sinh Ở Rể Nhà Thôn Trưởng Đi Săn Làm Giàu Cưới Thôn Hoa,1,CÃ²n tiáº¿p,73,73,0,
Trường Sinh Tu Tiên Theo Chế Phù Học Đồ Bắt Đầu,1,CÃ²n tiáº¿p,73,73,0,
Xạ Thủ Nghịch Tập Ta Thanh Trang Bị Không Giới Hạn,1,CÃ²n tiáº¿p,73,73,0,
Tiên Không Phải Tu Như Vậy,1,CÃ²n tiáº¿p,73,73,0,
Từ Gia Tộc Từ Đường Cẩu Thành Vạn Cổ Thế Gia,1,CÃ²n tiáº¿p,73,73,0,
Xuyên Việt Đại La Thiên Thiên Mạc Vây Xem Ta Thành Tiên Nhật Thường,3,Táº¡m dá»«ng,73,73,0,
Tung Hoành Dị Giới,1,CÃ²n tiáº¿p,73,73,0,
Xuyên Việt Tông Môn Lão Tổ Ta Lại Có Vô Số Tài Khoản Nữ,3,Táº¡m dá»«ng,72,72,0,
Xuyên Tại Đào Vong Phía Trước Bật Hack Buồn Bực Phát Đại Tài,1,CÃ²n tiáº¿p,72,72,0,
Thiên Ngoại Lai Cấm Khu,1,CÃ²n tiáº¿p,72,72,0,
Người Nhà Chết Thảm Ta Hóa Thân Bom Cuồng Nhân,3,Táº¡m dá»«ng,72,72,0,
Vạn Đại Việt Song Song,1,CÃ²n tiáº¿p,72,72,0,
Vạc Dấm Đổ Nhào Bị Yandere Đại Lão Sủng Thành Tiểu Phế Vật,1,CÃ²n tiáº¿p,72,72,0,
Tạo Hóa Thần Đế,1,CÃ²n tiáº¿p,72,72,0,
Dục Trùng Sư Yếu Ta Trùng Vô Hạn Thăng Giai,3,Táº¡m dá»«ng,72,72,0,
Thần Điêu Chi Chân Đạp Điêu Mập Ôm Long Nhi,3,Táº¡m dá»«ng,72,72,0,
Đại Tần Ta Sáu Tuổi Cho Tổ Long Uống Thuốc Tạo Phản,3,Táº¡m dá»«ng,72,72,0,
Hokage Đệ Nhị Chết Rồi Vẫn Còn Âm A,3,Táº¡m dá»«ng,72,72,0,
Võ Đạo Thành Thánh Từ Mỗi Ngày Võ Học Thêm Điểm Bắt Đầu,1,CÃ²n tiáº¿p,71,71,0,
Ta Ma Thể Có Thể Vô Hạn Thăng Cấp,1,CÃ²n tiáº¿p,71,71,0,
Thiếu Nữ Ngươi Đến Tạo Thành Đầu,3,Táº¡m dá»«ng,71,71,0,
Chư Thiên Phản Phái Khai Cục Thu Phục Bỉ Bỉ Đông,1,CÃ²n tiáº¿p,71,71,0,
Đi Biển Bắt Hải Sản Mỗi Ngày Bạo Thùng Người Đưa Ngoại Hiệu Quét Qua Ánh Sáng,1,CÃ²n tiáº¿p,71,71,0,
Mc Cẩm Nang Giao Dịch Honkai Của Wandering Trader,1,CÃ²n tiáº¿p,71,71,0,
Trường Sinh Từ Druid Bắt Đầu,3,Táº¡m dá»«ng,71,71,0,
Thứ Tư Thiên Tai Vô Tận Người Trò Chơi,1,CÃ²n tiáº¿p,71,71,0,
Luyện Thần Đỉnh,1,CÃ²n tiáº¿p,71,71,0,
Trùng Sinh Vừa Định Cố Gắng Cha Mẹ Ly Hôn,3,Táº¡m dá»«ng,71,71,0,
Theo Hiệu Pháp Vạn Yêu Bắt Đầu Thành Tựu Chân Tiên,1,CÃ²n tiáº¿p,71,71,0,
Bắt Đầu Đánh Dấu Đại Đế Hệ Thống Muốn Ta Củi Mục Nghịch Tập,3,Táº¡m dá»«ng,71,71,0,
Thuyết Thư Lộ Ra Ánh Sáng Bí Ẩn Dọa Bối Rối Thánh Nữ,3,Táº¡m dá»«ng,71,71,0,
Mỹ Thực Chi Linh,1,CÃ²n tiáº¿p,70,70,0,
Bắt Đầu Xăm Hình Cửu Long Kéo Quan Tài Dọa Khóc Hồng Y Nữ Quỷ,1,CÃ²n tiáº¿p,70,70,0,
Ta Tại Đại Đường Làm Thần Y Lý Nhị Là Cha Ta,3,Táº¡m dá»«ng,70,70,0,
Vừa Bị Sư Muội Đẩy Ngược Hệ Thống Lại Nói Nàng Muốn Giết Ta,3,Táº¡m dá»«ng,70,70,0,
Không Độ Mập Mờ,1,CÃ²n tiáº¿p,70,70,0,
Mộng Cảnh Thông Thượng Cổ Ta Thật Không Phải Thế Tôn Hóa Thân,3,Táº¡m dá»«ng,70,70,0,
Từ Lĩnh Tiền Hưu Bắt Đầu Trường Sinh Bất Tử,1,CÃ²n tiáº¿p,70,70,0,
Cực Đạo Chân Quân,1,CÃ²n tiáº¿p,71,71,0,
Huyền Huyễn Thời Đại Sớm Đăng Lục,1,CÃ²n tiáº¿p,70,70,0,
Bắt Đầu Trở Thành Đế Tộc Thần Tử Đánh Dấu Hỗn Độn Thể,1,CÃ²n tiáº¿p,72,72,0,
Ta Ở Trong Group Chat Đóng Vai Vĩnh Sinh Chi Môn,1,CÃ²n tiáº¿p,70,70,0,
Sư Đao,1,CÃ²n tiáº¿p,70,70,0,
Hào Môn Cha Mẹ Bị Cướp Nãi Đoàn Mê Điên Đại Lão Cả Nhà,1,CÃ²n tiáº¿p,70,70,0,
Thi Đại Học Không Đỗ Đuổi Ta Đi Ta Thành Thủ Phủ Hối Hận,3,Táº¡m dá»«ng,70,70,0,
Quét Ngang Cao Võ Thế Giới Theo Tiểu Địa Chủ Bắt Đầu,1,CÃ²n tiáº¿p,70,70,0,
Hải Tặc Từ Vương Quốc Thái Tử Đến Vua Thế Giới,3,Táº¡m dá»«ng,70,70,0,
Đi Làm Thêm Hè Ngươi Lại Đi Làm Lính Đánh Thuê Liên Hành Tinh,1,CÃ²n tiáº¿p,70,70,0,
Tam Quốc Để Ngươi Trấn Áp Phản Tặc Không Có Để Ngươi Làm Phản Tặc,1,CÃ²n tiáº¿p,70,70,0,
Biết Ta Là Giả Thiếu Gia Các Tỷ Tỷ Hưng Phấn Hơn,3,Táº¡m dá»«ng,70,70,0,
Vĩnh Ngạc Trường Dạ,1,CÃ²n tiáº¿p,70,70,0,
Ta Vì Khoa Cử Chứng Trường Sinh,1,CÃ²n tiáº¿p,70,70,0,
Hôn Một Chút Liền Học Ngoan,1,CÃ²n tiáº¿p,70,70,0,
Giấu Diếm Chồng Trước Ta Hai Gả Kinh Vòng Thái Tử Gia,1,CÃ²n tiáº¿p,70,70,0,
Vô Thượng Nhân Hoàng,1,CÃ²n tiáº¿p,70,70,0,
Sau Khi Sống Lại Hệ Thống Bức Ta Phục Hôn,3,Táº¡m dá»«ng,70,70,0,
Hiền Hậu Hệ Thống Nhưng Khóa Lại Cha Ta,1,CÃ²n tiáº¿p,69,69,0,
Bảy Mươi Tuổi Luyện Võ Bắt Đầu Võ Đạo Thánh Thể,3,Táº¡m dá»«ng,69,69,0,
Trường Sinh Từ Hiến Tế Sơn Hổ Bắt Đầu,1,CÃ²n tiáº¿p,69,69,0,
Không Cần Cấp Nữ Nhân Làm Chó,1,CÃ²n tiáº¿p,69,69,0,
Nhặt Xác Liền Có Thể Biến Cường Ai Còn Luyện Võ A,1,CÃ²n tiáº¿p,69,69,0,
Chư Thần Nhạc Viên,1,CÃ²n tiáº¿p,69,69,0,
Võ Hiệp Áp Tiêu Bắt Đầu Trăm Năm Thiên Cương Đồng Tử Công,1,CÃ²n tiáº¿p,69,69,0,
Khí Vận Chi Tử Phản Diện Chi Lộ,1,CÃ²n tiáº¿p,69,69,0,
Từ Thức Tỉnh Gõ Mõ Cầm Canh Nhân Mạng Rời Ra Bắt Đầu,3,Táº¡m dá»«ng,69,69,0,
Nghiệp Duyên,1,CÃ²n tiáº¿p,68,68,0,
Hệ Thống Chuyển Sinh,3,Táº¡m dá»«ng,68,68,0,
Nhường Ngươi Nuôi Chó Ngươi Dưỡng Thành Hằng Tinh Cấp Cự Thú,3,Táº¡m dá»«ng,68,68,0,
Đại Đường Ở Rể Tướng Quân Phủ Võ Thần Nhóm Chat Nổ,3,Táº¡m dá»«ng,68,68,0,
Hải Tặc Tỳ Hưu Đại Tướng So Thổ Phỉ Còn Có Thể Đoạt,3,Táº¡m dá»«ng,68,68,0,
Toàn Cầu Nhiễu Sóng Bắt Đầu Nuốt Sống Hắc Mạn Ba Xà,1,CÃ²n tiáº¿p,68,68,0,
Cao Võ Bị Bạn Thân Đâm Lưng Sau Thức Tỉnh Hệ Thống,1,CÃ²n tiáº¿p,68,68,0,
Chỉ Muốn Vững Vàng Ta Bị Treo Máy Trở Thành Võ Thần,1,CÃ²n tiáº¿p,68,68,0,
Thâm Tình Dụ Hống Vẩy Nàng Vào Lòng,1,CÃ²n tiáº¿p,68,68,0,
Chứng Đạo Là Đế Giết Tới Thế Gian Không Người Dám Xưng Tôn,3,Táº¡m dá»«ng,68,68,0,
Nói Xấu Ta Là Tà Tu Nhưng Có Thể Ta Thật Sự Là Tà Tu,1,CÃ²n tiáº¿p,70,70,0,
Cứu Rỗi Tuyệt Vọng Thiếu Nữ Sau Ta Chắp Cánh Khó Thoát,1,CÃ²n tiáº¿p,68,68,0,
Tổng Võ Người Tại Trong Tuyết Ta Lấy Ma Đạo Chứng Nhận Trường Sinh,1,CÃ²n tiáº¿p,200,200,0,
Biên Niên Sử Zamecia,1,CÃ²n tiáº¿p,67,67,0,
Lol Trùng Sinh S3 Dạy Dỗ Toàn Bộ Liên Minh,1,CÃ²n tiáº¿p,67,67,0,
Từ Đầu Chuyển Sinh Biến Thành Bạch Xà Cũng Phải Nỗ Lực Tiến Hóa,1,CÃ²n tiáº¿p,67,67,0,
Chuyển Chức Hỏa Hệ Pháp Sư Đông Phong Đạn Đạo Cái Quỷ Gì,3,Táº¡m dá»«ng,67,67,0,
Đại Thuận Võ Thánh,1,CÃ²n tiáº¿p,67,67,0,
Đầu Tư Thiên Mệnh Chi Tử Thực Lực Của Ta Tông Môn Tổng Hoà,1,CÃ²n tiáº¿p,67,67,0,
Bắt Đầu Đế Cảnh Tông Chủ Đánh Dấu Tiên Thiên Thánh Thể Đạo Thai,3,Táº¡m dá»«ng,67,67,0,
Ấm Lên Dụ Hống,1,CÃ²n tiáº¿p,67,67,0,
Người Tại Làng Mây Bắt Đầu Đoạt Hyuga Hinata,1,CÃ²n tiáº¿p,67,67,0,
Ta Dựa Vào Ăn Yêu Thành Tôn Giết Ra Trường Sinh Bất Tử,3,Táº¡m dá»«ng,67,67,0,
Từ Hài Nhi Bắt Đầu Tu Hành,1,CÃ²n tiáº¿p,67,67,0,
Cái Này Âm Phủ Dungeon Người Nào Thiết Kế,1,CÃ²n tiáº¿p,66,66,0,
Sau Khi Ta Chết Thiếp Thân Nữ Bộc Tạo Phản,1,CÃ²n tiáº¿p,66,66,0,
Huy Quyền Thêm Toàn Thuộc Tính Ta Hoàng Quyền Vạn Thế Vĩnh Cố,3,Táº¡m dá»«ng,66,66,0,
Gấp Trăm Lần Trả Về Nàng Thu Đồ Liền Vô Địch,1,CÃ²n tiáº¿p,66,66,0,
Ta Là Học Viện Quý Tộc Chết Sớm Ánh Trăng Sáng Nữ Phối,1,CÃ²n tiáº¿p,66,66,0,
Đấu La Từ Trở Thành Bỉ Bỉ Đông Jinchūriki Bắt Đầu,3,Táº¡m dá»«ng,66,66,0,
Các Ngươi Đều Biết Trước Tương Lai,1,CÃ²n tiáº¿p,66,66,0,
Cả Nhà Phản Phái Đọc Tâm Ta Giả Thiên Kim Bị Đoàn Sủng Rồi,1,CÃ²n tiáº¿p,66,66,0,
Phú Bà Khuê Mật Đoàn Ta Có Thể Biết Trước Hợp Đồng Tương Lai,3,Táº¡m dá»«ng,66,66,0,
Kiếm Ngục Tiên Đồ,3,Táº¡m dá»«ng,66,66,0,
Đấu La Người Tại Già Thiên Bị Đấu La Trực Tiếp,1,CÃ²n tiáº¿p,66,66,0,
Những Ngày Làm Nhà Văn Ở Thế Kỷ Mười Chín,1,CÃ²n tiáº¿p,66,66,0,
Honkai Star Rail Vs Genshin Impact Ta Phụ Trách Cung Cấp Sân Bãi,1,CÃ²n tiáº¿p,66,66,0,
Ta Tại Thế Giới Võ Hiệp Làm Vương Gia,1,CÃ²n tiáº¿p,67,67,0,
Nhiếp Chính Vương Tiểu Tổ Tông Lại Đẹp Lại Táp,1,CÃ²n tiáº¿p,66,66,0,
Hồng Hoang Người Tại Trảm Tiên Đài Bạo Dòng Thành Thánh,1,CÃ²n tiáº¿p,66,66,0,
Cường Gả Phu Quân Không Giữ Ấm Trọng Sinh Nàng Không Cần,1,CÃ²n tiáº¿p,66,66,0,
Trở Lại Hiện Đại Sau Ta Chứa Chấp Thất Nghiệp Nữ Đế,3,Táº¡m dá»«ng,66,66,0,
Ánh Trăng Sáng Nàng Không Làm,1,CÃ²n tiáº¿p,65,65,0,
Nhân Vật Phản Diện Thánh Nữ Ngươi Cũng Không Muốn Tông Môn Bị Diệt A,1,CÃ²n tiáº¿p,65,65,0,
Hải Tặc Ngủ Say Trăm Năm Bị Râu Trắng Chấn Tỉnh,3,Táº¡m dá»«ng,65,65,0,
Ta Trò Chơi Phản Phái Thông Thiên Đại Vạn Cổ Tối Đại Hắc Thủ,3,Táº¡m dá»«ng,65,65,0,
Nhanh Xuyên Kiều Nhuyễn Pháo Hôi Giây Biến Vạn Người Mê Cuồng Vẩy,1,CÃ²n tiáº¿p,65,65,0,
Nương Tử Nhường Ta Ba Càng Chết,3,Táº¡m dá»«ng,65,65,0,
Giáng Lâm Tâm Hắn Bên Trên,1,CÃ²n tiáº¿p,65,65,0,
Nương Tử Kinh Thành Danh Bộ Ta Là Đệ Nhất Ma Đầu,3,Táº¡m dá»«ng,65,65,0,
Để Ngươi Mở Sủng Thú Cửa Hàng Ngươi Thành Ngự Thú Lai Giống Cha,3,Táº¡m dá»«ng,65,65,0,
Thiếu Gia Bị Bỏ Rơi,1,CÃ²n tiáº¿p,65,65,0,
Lưu Trữ Nhiễu Sóng Vực Sâu,3,Táº¡m dá»«ng,65,65,0,
Showbiz Cộng Đồng Mạng Giục Thêm Chương Ta Nằm Ngang Ở Phòng Nấm,1,CÃ²n tiáº¿p,65,65,0,
Sở Hữu Thần Thụ Quả Tại Dị Giới,1,CÃ²n tiáº¿p,65,65,0,
Đã Nói Xong Galgame Loạn Giết Hệ Thống Cái Quỷ Gì,1,CÃ²n tiáº¿p,65,65,0,
Mở Đầu Sáng Tạo Cấm Kỵ Thế Lực Vô Địch Thế Gian,3,Táº¡m dá»«ng,65,65,0,
Cờ Vây Tùy Thân Lão Gia Gia Đúng Cửu Quan Vương,1,CÃ²n tiáº¿p,65,65,0,
Tu Tiên Sao Có Thể Không Làm Đại Sự,3,Táº¡m dá»«ng,65,65,0,
Trọng Sinh Chi Lão Tử Là Hoàng Đế,1,CÃ²n tiáº¿p,65,65,0,
Kiểm Kê Thiếu Niên Bạch Mã Cảnh Nổi Tiếng Lôi Vô Kiệt Tê,1,CÃ²n tiáº¿p,65,65,0,
Trực Tiếp Thâm Niên Giáo Sư Thường Ngày Ta Hỏa Bạo Toàn Bộ Internet,3,Táº¡m dá»«ng,64,64,0,
Siren Chi Nhận,1,CÃ²n tiáº¿p,64,64,0,
Ta Thật Sự Là Nịnh Thần A,1,CÃ²n tiáº¿p,64,64,0,
Sinh Tồn Ta Mang Theo Không Gian Vô Hạn Xe Cắm Trại,1,CÃ²n tiáº¿p,64,64,0,
Cao Võ Thao Túng Dòng Điện Ta Trực Tiếp Làm Từ Trường Chuyển Động,3,Táº¡m dá»«ng,64,64,0,
Kiếp Trước Vì Nàng Mưu Phản Trở Lại Đêm Tân Hôn Vén Lật,1,CÃ²n tiáº¿p,64,64,0,
Xuyên Qua Huyền Huyễn Ta Đây Cùng Thông Thiên Thay Đổi Cơ Thể,1,CÃ²n tiáº¿p,64,64,0,
Mời Đồng Học Trảm Yêu,1,CÃ²n tiáº¿p,64,64,0,
Ngự Thú Chỉ Có Ta Có Thể Trông Thấy Ẩn Dấu Tiến Hóa Lộ Tuyến,1,CÃ²n tiáº¿p,64,64,0,
Identity V Ngươi Hiểu Cái Gì Kêu Song Đạn Phi Luân,1,CÃ²n tiáº¿p,63,63,0,
Ta Ở Thế Giới Võ Đạo Hiến Tế Thành Thánh,1,CÃ²n tiáº¿p,63,63,0,
Từ Tróc Đao Nhân Bắt Đầu Giết Xuyên Giang Hồ,3,Táº¡m dá»«ng,63,63,0,
Đại Tần Bắt Đầu Cướp Diễm Linh Cơ Đánh Dấu Khí Thể Nguồn Gốc,1,CÃ²n tiáº¿p,63,63,0,
Cao Võ Trong Lĩnh Vực Ta Vô Địch Bên Ngoài Ta Không Đi,3,Táº¡m dá»«ng,63,63,0,
Toàn Cầu Giác Tỉnh Ta Có Thể Vô Hạn Cướp Đoạt Dị Năng,3,Táº¡m dá»«ng,63,63,0,
Hệ Thống Cho Ta Nhiệm Vụ Thứ Nhất Lại Là Bày Sạp,3,Táº¡m dá»«ng,63,63,0,
Hải Tặc Trốn Vào Cá Đèn Lồng Thể Nội Tị Thế Trường Sinh,1,CÃ²n tiáº¿p,63,63,0,
Võ Hiệp Ta Đại La Kim Tiên Thân Phận Bị Lộ Ra,1,CÃ²n tiáº¿p,63,63,0,
Trường Sinh Theo Cường Hóa Thần Hỏa Thối Luyện Pháp Bắt Đầu,1,CÃ²n tiáº¿p,63,63,0,
Ăn Gomu Gomu No Mi Ta Thành Phú Bà Đoàn Sủng,3,Táº¡m dá»«ng,63,63,0,
Một Năm Một Phân Thân Cẩu Đến Thiên Hoang Địa Lão,1,CÃ²n tiáº¿p,63,63,0,
Siêu Ma Thuật Sĩ Bắt Đầu Ma Võng Lại Sập,1,CÃ²n tiáº¿p,63,63,0,
Hồng Hoang Băng Điểu Ta Có Thể Thăng Hoa Vạn Vật,3,Táº¡m dá»«ng,63,63,0,
Võ Đạo Trường Sinh Từ Trảm Yêu Trừ Ma Bắt Đầu,1,CÃ²n tiáº¿p,63,63,0,
Bát Thập Vạn Đại Quân Tạo Phản Thiên Thượng Hạ Thiên Thạch Đi,3,Táº¡m dá»«ng,62,62,0,
Honkai Star Rail Bắt Đầu Xianzhou Bán Gói Thẻ Qingque Phá Phòng,1,CÃ²n tiáº¿p,62,62,0,
Ta Vô Hạn Thiên Phú Kỹ Nhân Tộc Võ Thánh,1,CÃ²n tiáº¿p,62,62,0,
Ta Võ Thần Lấy Kiếm Chứng Đạo,1,CÃ²n tiáº¿p,62,62,0,
Tổng Võ Trạch Tu Đại Đế Bắt Đầu Yêu Nguyệt Tìm Tới Cửa,1,CÃ²n tiáº¿p,79,79,0,
Bắt Đầu Liền Nói Ta Là Siêu Phàm Vật Phẩm Nhất Định Muốn Phong Ấn,1,CÃ²n tiáº¿p,62,62,0,
Tuyến Thời Gian Tu Tiên,1,CÃ²n tiáº¿p,62,62,0,
Mới Tròn 10 Tuổi Để Cho Ta Ngự Thú Nghịch Tập Trùng Sinh,3,Táº¡m dá»«ng,62,62,0,
Nghịch Tử Trẫm Nhường Ngươi Làm Kinh Tế Ai Bảo Ngươi Mở Thanh Lâu,1,CÃ²n tiáº¿p,62,62,0,
Bắt Đầu Triệu Hoán Hắc Ảnh Binh Đoàn Sáng Tạo Diêm La Điện,1,CÃ²n tiáº¿p,62,62,0,
Hướng Địa Ngục Xuất Phát,1,CÃ²n tiáº¿p,62,62,0,
Trường Sinh Từ Kiến Trúc Thanh Trang Bị Bắt Đầu,3,Táº¡m dá»«ng,62,62,0,
Mỗi Ngày Điểm Thuộc Tính Còn Sống Thì Vô Địch,3,Táº¡m dá»«ng,62,62,0,
Bắt Đầu Gia Nhập Vào Hợp Hoan Tông Ta Linh Căn Có Thể Treo Máy,1,CÃ²n tiáº¿p,62,62,0,
Chúa Cứu Thế Ác Nhân Trà Trộn Ở Nhẫn Giới,3,Táº¡m dá»«ng,62,62,0,
Ngũ Lôi Hoành Đỉnh,1,CÃ²n tiáº¿p,62,62,0,
Xuyên Thành Long Ngạo Thiên Ác Độc Tiểu Di,1,CÃ²n tiáº¿p,62,62,0,
Hải Tặc Để Ngươi Dạy Lục Thức Ngươi Dạy Dismembering Halo ultra Slash,1,CÃ²n tiáº¿p,61,61,0,
Không Cho Phép Tại Dương Gian Làm Âm Phủ Thao Tác,3,Táº¡m dá»«ng,61,61,0,
Trường Sinh Cẩu Đến Vô Địch Thế Gian,3,Táº¡m dá»«ng,61,61,0,
Kiểm Kê Chư Thiên Thập Đại Oan Loại Vạn Giới Cười Điên Rồi,3,Táº¡m dá»«ng,61,61,0,
Làm Thế Thân Hai Năm Ly Hôn Lúc Hắn Khóc Đỏ Mắt,1,CÃ²n tiáº¿p,60,60,0,
Cái Này Npc Không Gọt Có Thể Chơi,1,CÃ²n tiáº¿p,60,60,0,
Xuyên Việt Thành Gia Tộc Lão Tổ Hậu Bối Toàn Là Nhân Vật Chính,1,CÃ²n tiáº¿p,60,60,0,
Tổ Tông Để Ngươi Công Lược Phản Phái Không Có Để Ngươi Hắc Hóa,1,CÃ²n tiáº¿p,60,60,0,
Từ Cưới Chức Nữ Bắt Đầu Tu Tiên,3,Táº¡m dá»«ng,60,60,0,
Chư Thiên Đạo Pháp Quân,1,CÃ²n tiáº¿p,60,60,0,
Giải Trí Mị Ma Đấu Chiến Thể Chất Bị Dương Mịch Đẩy Ngược,1,CÃ²n tiáº¿p,60,60,0,
Cao Võ Để Cho Ngươi Phục Chế Không Có Để Cho Ngươi Trộm Đi Nhân Sinh,1,CÃ²n tiáº¿p,60,60,0,
Đều Là Ngự Thú Dựa Vào Cái Gì Ngươi Có Thể Bao Dưỡng Nữ Đế,3,Táº¡m dá»«ng,60,60,0,
Chư Thiên Từ Cứu Vớt Đại Minh Bắt Đầu,1,CÃ²n tiáº¿p,60,60,0,
Ngoan Lại Kêu Một Tiếng Lão Công,1,CÃ²n tiáº¿p,60,60,0,
Nguyệt Thiên Tử,1,CÃ²n tiáº¿p,60,60,0,
Là Mc Chi Chủ Mới Không Phải Quang Minh Thần Vương A,3,Táº¡m dá»«ng,60,60,0,
Bắt Đầu Bị Từ Hôn Nữ Đế Tới Cửa Cướp Cô Dâu,3,Táº¡m dá»«ng,60,60,0,
Từ Thiếu Nợ Không Trả Mở Ra Khoa Học Kỹ Thuật Bá Quyền,1,CÃ²n tiáº¿p,60,60,0,
Điện Tử Na Tra,1,CÃ²n tiáº¿p,60,60,0,
Âm Dương Tháp,1,CÃ²n tiáº¿p,60,60,0,
Địa Tiên,3,Táº¡m dá»«ng,60,60,0,
Võ Động Một Tháng Một Tổ Phù Tiểu Điêu Xấu Hổ,1,CÃ²n tiáº¿p,60,60,0,
Theo Đạo Binh Bắt Đầu Đô Thiên Linh Đại Lộ,1,CÃ²n tiáº¿p,60,60,0,
Người Tại Võ Hiệp Hệ Thống Tại Chư Thiên,1,CÃ²n tiáº¿p,60,60,0,
Ngạnh Hạch Quản Gia Chuyên Trị Bá Tổng Điên Công,1,CÃ²n tiáº¿p,60,60,0,
Từ Tiên Giới Xuyên Về Đến Sau Ta Dựa Vào Làm Ruộng Phát Tài,1,CÃ²n tiáº¿p,60,60,0,
Đúng Không Ca Môn Ngươi Thăng Chức Cưỡi Tên Lửa A,3,Táº¡m dá»«ng,60,60,0,
Trở Thành Hấp Huyết Chân Tổ Tại Dị Giới,1,CÃ²n tiáº¿p,60,60,0,
Trực Tiếp Chi Chinh Phục Vạn Giới,1,CÃ²n tiáº¿p,60,60,0,
Thần Bí Khôi Phục U Ám Thế Gian,1,CÃ²n tiáº¿p,60,60,0,
Loại Thẻ Bài Phế Phẩm Này Thực Sự Có Người Mua Sao,1,CÃ²n tiáº¿p,60,60,0,
Lưỡng Giới Qua Lại Bắt Đầu Thức Tỉnh Hấp Tinh Đại Pháp,1,CÃ²n tiáº¿p,60,60,0,
Thiên Đình Người Vệ Sinh,1,CÃ²n tiáº¿p,60,60,0,
Khởi Đầu Ta Cây Chày Sắt Mài Thành Kim Thu Được Thần Thiết Hút Hồn,3,Táº¡m dá»«ng,60,60,0,
Thiên Phú Thể Chất Bối Cảnh Ta Đều Là Cấp Cao Nhất,1,CÃ²n tiáº¿p,60,60,0,
Độ Ngọt Vì Mấy Phần,1,CÃ²n tiáº¿p,60,60,0,
Linh Khí Khôi Phục Ta Có Thể Xuyên Qua Đến Tương Lai,1,CÃ²n tiáº¿p,60,60,0,
Thế Giới Tiến Hóa,3,Táº¡m dá»«ng,60,60,0,
Bắt Đầu Đánh Dấu Viên Mãn Thần Công Ta Vô Địch Thiên Hạ,1,CÃ²n tiáº¿p,60,60,0,
Nữ Chính Đừng Khóc Chơi Xong Liền Đem Nam Chính Nhóm Trả Lại Ngươi,1,CÃ²n tiáº¿p,60,60,0,
Ta Độc Trấn Dương Gian Tám Trăm Năm,1,CÃ²n tiáº¿p,60,60,0,
Người Chơi Thanh Trừ Kế Hoạch,3,Táº¡m dá»«ng,60,60,0,
Bắt Đầu Tương Tư Môn Sư Muội Trên Đầu Bốc Lên Yêu Đương Tuyển Chọn,1,CÃ²n tiáº¿p,60,60,0,
Tây Du Ngộ Tính Nghịch Thiên Từ Bái Sư Bát Giới Bắt Đầu,1,CÃ²n tiáº¿p,60,60,0,
Hải Tặc Râu Trắng Cưới Big Mom Hài Tử Đánh Thiên Hạ,3,Táº¡m dá»«ng,60,60,0,
Ta Vũ Trụ Bá Chủ Gia Nhập Vào Chat Group,1,CÃ²n tiáº¿p,60,60,0,
Tôi Chỉ Muốn Sống Yên Ổn,3,Táº¡m dá»«ng,60,60,0,
Hào Môn Mẹ Ruột Giá Lâm Toàn Diện Tránh Ra,1,CÃ²n tiáº¿p,60,60,0,
Tòa Tháp Thần Tọa,1,CÃ²n tiáº¿p,59,59,0,
Đi Bộ Vuốt Râu Ở Blue Lock,3,Táº¡m dá»«ng,59,59,0,
Bắt Đầu Vô Địch Lĩnh Vực Ta Có Thể Ngôn Xuất Pháp Tùy,1,CÃ²n tiáº¿p,59,59,0,
Cô Nương Tu Tiên Sao Uẩn Linh Tìm Hiểu Một Chút,3,Táº¡m dá»«ng,59,59,0,
Nghiên Cứu Khoa Học Trở Về Ta Thành Nữ Nhi Di Ảnh Ba Ba,3,Táº¡m dá»«ng,59,59,0,
Tiên Vực Ngự Linh Chí Tôn,1,CÃ²n tiáº¿p,59,59,0,
Thanh Ngư Tu Hành Ghi Chép,1,CÃ²n tiáº¿p,59,59,0,
Quét Ngang Vĩnh Sinh Theo Tế Thiên Phù Chiếu Bắt Đầu,1,CÃ²n tiáº¿p,59,59,0,
Bắt Đầu Migeika Ta Phục Chế Vạn Pháp,1,CÃ²n tiáº¿p,59,59,0,
Từ Tả Đạo Luyện Cổ Bắt Đầu Nhục Thân Thành Thánh,1,CÃ²n tiáº¿p,58,58,0,
Sáng Tạo Sinh Mệnh Chơi Hỏng Nhân Loại,1,CÃ²n tiáº¿p,58,58,0,
Tru Tiên Tiên Thiên Nhân Tộc Từ Lớn Trúc Phong Bắt Đầu,1,CÃ²n tiáº¿p,100,100,0,
Khủng Bố Khôi Phục,1,CÃ²n tiáº¿p,58,58,0,
Bắt Đầu Thánh Tử Thức Tỉnh Nhân Vật Phản Diện Hệ Thống,1,CÃ²n tiáº¿p,58,58,0,
Tokyo Ghoul Bắt Đầu Gura Gura No Mi Nhặt Được Takatsuki Sen,3,Táº¡m dá»«ng,58,58,0,
Liếm Cẩu Câu Lạc Bộ Ta Chế Tạo Nam Thần Thiên Đoàn,3,Táº¡m dá»«ng,58,58,0,
Thần Giới Đệ Nhất Cao Thủ,1,CÃ²n tiáº¿p,58,58,0,
Tình Báo Laptop Phó Bản Bên Trong Ta Không Gì Không Biết,3,Táº¡m dá»«ng,58,58,0,
Giáo Hoa Ly Hôn Đuổi Ngược Không Nên Lại Công Lược Ta,3,Táº¡m dá»«ng,58,58,0,
Hồn Xuyên Ma Nữ Các Ngươi Hại Ta Khổ Quá Rồi,3,Táº¡m dá»«ng,58,58,0,
Vạn Lần Tăng Phúc Theo Phế Vật Tân Binh Đến Trấn Cương Tướng Quân,1,CÃ²n tiáº¿p,58,58,0,
Từ Hôn Phía Sau Ta Thành Khát Máu Phong Đế Bạch Nguyệt Quang,1,CÃ²n tiáº¿p,58,58,0,
Mô Phỏng Trùng Sinh Nữ Đế Ta Lục Địa Thần Tiên Trấn Giang Hồ,3,Táº¡m dá»«ng,57,57,0,
Từ Đánh Dấu Tiêu Dao Viên Bắt Đầu Trở Nên Mạnh Mẽ,1,CÃ²n tiáº¿p,57,57,0,
Trừu Tượng Hệ Đỉnh Lưu,3,Táº¡m dá»«ng,57,57,0,
Thần Linh Kỷ Nguyên,1,CÃ²n tiáº¿p,57,57,0,
Hogwarts giúp Người Làm Niềm Vui Hắc Ma Vương,1,CÃ²n tiáº¿p,57,57,0,
Chiến Vương Tuyệt Tự Lại Bất Ngờ Gặp Được Phiên Bản Thu Nhỏ Chính Mình,1,CÃ²n tiáº¿p,57,57,0,
Nobi Nobita Tay Súng Miền Viễn Tây,1,CÃ²n tiáº¿p,57,57,0,
Các Nữ Thần Bạch Nguyệt Quang,1,CÃ²n tiáº¿p,57,57,0,
Trong Bình Thần Giới,3,Táº¡m dá»«ng,57,57,0,
Ta Kỹ Năng Vạn Lần Tăng Phúc,3,Táº¡m dá»«ng,56,56,0,
Bái Họa Tiên Tộc,3,Táº¡m dá»«ng,56,56,0,
Phàm Nhân Trường Sinh Gương Cổ Của Ta Có Thể Khôi Phục Vạn Vật,3,Táº¡m dá»«ng,56,56,0,
Nhân Vật Phản Diện Nhìn Lén Nhật Ký Các Nữ Chủ Thiết Lập Nhân Vật Sập,1,CÃ²n tiáº¿p,56,56,0,
Yểm Mộng Quấn Thân,1,CÃ²n tiáº¿p,56,56,0,
Người Tại Tổng Võ Viết Nhật Ký Bắt Đầu Quán Đỉnh Quách Phu Nhân,1,CÃ²n tiáº¿p,56,56,0,
Chí Tôn Thiên Tử Trấn Thủ Biên Giới Hai Mươi Năm,1,CÃ²n tiáº¿p,56,56,0,
Eo Mềm Kiều Kiều Siêu Hảo Dựng Tuyệt Tự Đại Lão Sủng Lên Trời,1,CÃ²n tiáº¿p,56,56,0,
Phệ Ác Diễn Võ Chư Thiên Trừ Ma,1,CÃ²n tiáº¿p,56,56,0,
Minh Nhật Chi Thần,1,CÃ²n tiáº¿p,58,58,0,
Tổng Mạn Người Trên Danmachi Bắt Đầu Song Thần Uy,1,CÃ²n tiáº¿p,56,56,0,
Diễn Sinh Du Hí Vì Sao Năng Lực Của Tôi Là Minecraft,1,CÃ²n tiáº¿p,56,56,0,
Năm 2000 Từ Chạy Án Bắt Đầu,1,CÃ²n tiáº¿p,56,56,0,
Nạn Đói Đất Chết Ta Có Thể Bồi Dưỡng Vạn Vật,3,Táº¡m dá»«ng,56,56,0,
Bọn Hắn Đều Nói Ta Là Người Tốt Ta Cũng Rất Bất Đắc Dĩ,3,Táº¡m dá»«ng,55,55,0,
Chư Thiên Từ Thần Tượng Trấn Ngục Kình Bắt Đầu,1,CÃ²n tiáº¿p,55,55,0,
Cùng Đỏ Thẫm Đệ Đệ Cùng Tiến Lên Tống Nghệ Ta Bạo Đỏ,1,CÃ²n tiáº¿p,55,55,0,
Võ Hiệp Triệu Hoán Đại Diêm Cửu Thiên Tuế,3,Táº¡m dá»«ng,55,55,0,
Tán Tu Gia Tộc Ta Có Thể Vô Hạn Thăng Cấp Vật Phẩm,3,Táº¡m dá»«ng,55,55,0,
Kẻ Viết Lại Lịch Sử Esport,1,CÃ²n tiáº¿p,55,55,0,
Siêu Duy Vũ Trụ Ta Có 3000 Cực Đạo Thiên Phú,1,CÃ²n tiáº¿p,55,55,0,
Đấu La Thiên Cổ Trượng Đình Huyễn Cảnh Kỵ Sĩ,1,CÃ²n tiáº¿p,55,55,0,
Luân Hãm Hăng Hái Thanh Lãnh Mỹ Nhân Bị Dụ Quấn Cuồng Sủng,1,CÃ²n tiáº¿p,55,55,0,
Nước Mỹ Mỹ Nhân 1960s,1,CÃ²n tiáº¿p,55,55,0,
Cuối Cùng Văn Minh,3,Táº¡m dá»«ng,54,54,0,
Một Người Lật Tung Một Tòa Vương Triều,1,CÃ²n tiáº¿p,54,54,0,
Cơm Đều Ăn Không Nổi Để Ta Làm Hoàng Đế,1,CÃ²n tiáº¿p,54,54,0,
Thần Cấp Trả Về Ta Nằm Thì Vô Địch,3,Táº¡m dá»«ng,54,54,0,
Trẫm Vô Địch Mới Nằm Ngửa Ngươi Cầm Toàn Tộc Tới Tạo Phản,1,CÃ²n tiáº¿p,90,90,0,
Bất Đắc Dĩ Ra Tay Tiên Đế Ta Cũng Có Thể Giây,3,Táº¡m dá»«ng,54,54,0,
Đều Trọng Sinh Ta Làm Nam Thần Thế Nào,1,CÃ²n tiáº¿p,54,54,0,
Cao Võ Thế Giới Ta Có Một Tòa Thần Thông Điện Đường,1,CÃ²n tiáº¿p,54,54,0,
Vô Danh Chi Cấu,1,CÃ²n tiáº¿p,54,54,0,
Người Viết Lại Khế Ước,1,CÃ²n tiáº¿p,54,54,0,
Nhân Vật Phản Diện Bắt Đầu Liếm Chó Ta Trở Tay Trấn Sát Thiên Mệnh Chi Tử,3,Táº¡m dá»«ng,54,54,0,
Ta Tại Khí Vận Trường Hà Câu Ra Một Cái Vạn Cổ Thần Triều,1,CÃ²n tiáº¿p,54,54,0,
Hokage Nhạc Viên,1,CÃ²n tiáº¿p,53,53,0,
Honkai Star Rail Đều Giáo Hoàng Ngươi Nói Ta Là Hậu Duệ Chrysos,1,CÃ²n tiáº¿p,53,53,0,
Toàn Cầu Năm Vạn Danh Sách Ta Xếp Hạng Thứ Ba,3,Táº¡m dá»«ng,53,53,0,
Phật Môn Cuồng Đồ,1,CÃ²n tiáº¿p,53,53,0,
Người Tại Thất Huyền Môn Bắt Đầu Trở Thành Hàn Lão Ma Đường Đệ,1,CÃ²n tiáº¿p,53,53,0,
Vô Tận Đại Hải Chiến Hạm Thăng Cấp,1,CÃ²n tiáº¿p,53,53,0,
Cuồng Đồ,1,CÃ²n tiáº¿p,53,53,0,
Điện Ảnh Và Truyền Hình Cướp Mất Bối Vi Vi Thưởng Cho Trăm Tấn Hoàng Kim,1,CÃ²n tiáº¿p,52,52,0,
Gen Z Tại Tu Tiên Giới,1,CÃ²n tiáº¿p,52,52,0,
Tiểu Sư Muội Thổ Vị Tình Thoại Làm Sư Huynh Nhóm Phá Phòng,1,CÃ²n tiáº¿p,52,52,0,
Tổng Mạn Người Tại Danmachi Tối Cường Triệu Hoán Sư,1,CÃ²n tiáº¿p,52,52,0,
Ssssssssssssss Max Cấp Thần Y,1,CÃ²n tiáº¿p,52,52,0,
Doom Của Warhammer 40k,1,CÃ²n tiáº¿p,52,52,0,
Phong Lưu Giáo Hoàng Khai Cục Thu Phục Bỉ Bỉ Đông,1,CÃ²n tiáº¿p,52,52,0,
Vừa Lừa Gạt Người Tu Tiên Con Khỉ Tới Cửa Bái Sư Học Nghệ,1,CÃ²n tiáº¿p,52,52,0,
Vovinam Tông Sư Tại Akame Ga Kill Bán Mỳ Quảng,1,CÃ²n tiáº¿p,51,51,0,
Đạo Gia Ta Tu Chính Là Đạo,1,CÃ²n tiáº¿p,51,51,0,
Vừa Phi Thăng Liền Trùng Sinh,3,Táº¡m dá»«ng,51,51,0,
Cao Võ Tiệm Vũ Khí Bắt Đầu Giáo Hoa Trộm Ta Trảm Phách Đao,3,Táº¡m dá»«ng,51,51,0,
Đều Thành Bao Tô Công Ai Còn Đương Minh Tinh A,3,Táº¡m dá»«ng,51,51,0,
Chẳng Lẽ Ta Chính Là Thần,1,CÃ²n tiáº¿p,51,51,0,
Từ Boruto Truyện Trở Về Naruto,1,CÃ²n tiáº¿p,51,51,0,
Đã Nói Xong Bên Trên Phái Thái Sơn Ngươi Cho Ta Cửu Long Kéo Quan,1,CÃ²n tiáº¿p,51,51,0,
Cẩm Nang Kẻ Thù Của Người Chơi,3,Táº¡m dá»«ng,51,51,0,
Bắt Đầu Cưới Vợ Thần Nữ,1,CÃ²n tiáº¿p,51,51,0,
Bắt Đầu Cấm Khu Que Thịt Nướng Bị Boss Lên Án,1,CÃ²n tiáº¿p,51,51,0,
Lén Qua Về Nhà Lão Gia Bị Quỷ Dị Phủ Xuống,3,Táº¡m dá»«ng,50,50,0,
Ngự Thú Ta Chó Con Có Thể Miểu Sát Yêu Vương,3,Táº¡m dá»«ng,50,50,0,
Mạt Thế Nguy Đồ Phế Khư Cầu Sinh,1,CÃ²n tiáº¿p,50,50,0,
Ta Diệp Thần Nguyên Lai Là Đỉnh Tiêm Cao Thủ,1,CÃ²n tiáº¿p,50,50,0,
Hongkong Bắt Đầu Chế Tạo Tối Cường Tài Phiệt Gia Tộc,1,CÃ²n tiáº¿p,50,50,0,
Trọng Sinh Niên Đại Ta Có Một Cái Thanh Trang Bị,1,CÃ²n tiáº¿p,50,50,0,
Ai Nói Ma Đầu Không Cứu Thế,3,Táº¡m dá»«ng,50,50,0,
Người Tại Hồng Lâu Viết Nhật Ký Kim Sai Bọn Họ Đều Phá Phòng,1,CÃ²n tiáº¿p,50,50,0,
Tu Vi Rút Lui Nạp Lan Gia Tộc Lại Tới Cửa Cầu Thân,1,CÃ²n tiáº¿p,50,50,0,
Vu Ta Ma Đầu Rút Ta Máu Ta Nhập Ma Các Ngươi Khóc Cái Gì,1,CÃ²n tiáº¿p,50,50,0,
Học Trộm Hợp Hoan Bí Thuật Lấy Bút Vẽ Thành Tiên,1,CÃ²n tiáº¿p,50,50,0,
Hắc Ám Truyện Cổ Tích Bịa Đặt Tà Thần Giết Xuyên Cẩu Hùng Lĩnh,1,CÃ²n tiáº¿p,50,50,0,
Đại Minh Theo Biên Quân Bắt Đầu Phúc Minh Diệt Thanh,1,CÃ²n tiáº¿p,50,50,0,
Một Ngày Ba Phần Công Không Bằng Hồi Hương Đi Biển Bắt Hải Sản Thành Nhà Giàu,1,CÃ²n tiáº¿p,50,50,0,
Đông Hoàng Tử Tịch,1,CÃ²n tiáº¿p,50,50,0,
Dạo Chơi Chư Thiên Đạo Sĩ,1,CÃ²n tiáº¿p,50,50,0,
Ta Tại Tiểu Thế Giới Mở Lượng Kiếp,1,CÃ²n tiáº¿p,50,50,0,
Sống Lại Thần Điêu Bắt Đầu Bị Dương Quá Bái Sư,1,CÃ²n tiáº¿p,50,50,0,
Phát Triển Ngành Ẩm Thực Tại Vạn Quốc Trở Nên Lớn Mạnh,1,CÃ²n tiáº¿p,50,50,0,
Đấu La Ta Linh Hồn Thánh Nữ Chuyên Trị Các Loại Không Phục,1,CÃ²n tiáº¿p,50,50,0,
Chém Yêu Vòng Truyền Đến Tin Dữ Người Này Chính Phát Tà,1,CÃ²n tiáº¿p,50,50,0,
Sau Khi Sống Lại Ta Thành Đại Tiên Sinh,1,CÃ²n tiáº¿p,50,50,0,
Giáo Hoa Gặp Quỷ Ta Điêu Khắc Quỷ Thần Hiển Linh,3,Táº¡m dá»«ng,50,50,0,
Ta Tại Cổ Đại Mở Y Quán Sủng Thê,1,CÃ²n tiáº¿p,50,50,0,
Ta Có Tu Tiên Máy Mô Phỏng,1,CÃ²n tiáº¿p,50,50,0,
Ta Có Thể Sửa Chữa Nhân Vật Chính Kịch Bản,3,Táº¡m dá»«ng,50,50,0,
Ta Không Muốn Cùng Cư Nàng Nhất Định Phải,1,CÃ²n tiáº¿p,50,50,0,
Hokage Từ Tenseigan Bắt Đầu,1,CÃ²n tiáº¿p,50,50,0,
Bản Thân Nhận Biết Ngoại Thần,3,Táº¡m dá»«ng,49,49,0,
Thiên Tế Tửu,3,Táº¡m dá»«ng,49,49,0,
Mộc Diệp Uchiha Ngang Dọc Chư Thiên Từ Kha Học Bắt Đầu,1,CÃ²n tiáº¿p,49,49,0,
Vừa Cùng Nữ Ma Đầu Chia Tay Trò Chơi Hàng Lâm Thực Tế,1,CÃ²n tiáº¿p,49,49,0,
Quét Ngang Võ Đạo Ta Có Một Bản Toàn Tri Thiên Thư,1,CÃ²n tiáº¿p,49,49,0,
Hàng Hải Cướp Đoạt Dòng Từ Ban Khắc Cấm Khu Bắt Đầu,1,CÃ²n tiáº¿p,49,49,0,
Cái Gì Gọi Là Ngươi Cũng Muốn Tái Nhập Thế Giới,1,CÃ²n tiáº¿p,49,49,0,
Ánh Sáng Cuối Trên Bầu Trời Máu,1,CÃ²n tiáº¿p,48,48,0,
Không Quan Hệ Ta Còn Có 9999 Cái Mạng,3,Táº¡m dá»«ng,48,48,0,
Bắt Đầu Độ Kiếp Lão Tổ Hệ Thống Để Cho Ta Thu Đồ Kéo Dài Tính Mạng,3,Táº¡m dá»«ng,48,48,0,
Đấu La Làm Hoắc Vũ Hạo Trở Thành Chung Yên Chi Chủ,1,CÃ²n tiáº¿p,48,48,0,
Muội Muội Trang Bị Vớ Trắng Sau Xem Ta Ánh Mắt Không Thích Hợp,1,CÃ²n tiáº¿p,48,48,0,
Công Đức Thành Thánh Từ Cưới Si Ngốc Tiên Tử Bắt Đầu,1,CÃ²n tiáº¿p,48,48,0,
Tây Du Bạo Kích Trả Về Đổng Vĩnh Cầu Ta Vào Động Phòng,1,CÃ²n tiáº¿p,48,48,0,
Hệ Thống Nổ Thương Thành Đồ Vật Toàn Miễn Phí,3,Táº¡m dá»«ng,48,48,0,
Lũng Tây Trần Thị,1,CÃ²n tiáº¿p,48,48,0,
Nhật Ký Sát Nhân,1,CÃ²n tiáº¿p,47,47,0,
Bàng Môn Lão Tổ Từ Tượng Ma Đại Lực Pháp Bắt Đầu,1,CÃ²n tiáº¿p,47,47,0,
Đại Thương Đệ Nhất Thâm Tình,3,Táº¡m dá»«ng,47,47,0,
Ta Nay Tới Gặp Bạch Ngọc Kinh,1,CÃ²n tiáº¿p,47,47,0,
Về Hưu Sinh Hoạt Từ Triệu Hoán Viên Thiên Cương Bắt Đầu,1,CÃ²n tiáº¿p,47,47,0,
Hogwarts Vô Hạn Thiên Phú,3,Táº¡m dá»«ng,47,47,0,
Hợp Hoan Tông Mị Ma Bị Chúng Nữ Yêu Chơi Hỏng,1,CÃ²n tiáº¿p,47,47,0,
Người Tại Đấu La Viết Nhật Ký Hoắc Treo Càng Là Chính Ta,1,CÃ²n tiáº¿p,46,46,0,
Võ Đạo Trường Sinh Từ Max Cấp Kim Chung Tráo Bắt Đầu,1,CÃ²n tiáº¿p,79,79,0,
Tống Võ Bắt Đầu Long Kị Sĩ Các Nữ Hiệp Đều Hỏng Rồi,1,CÃ²n tiáº¿p,46,46,0,
Honkai Star Rail Hành Tẩu Giữa Những Vì Sao,1,CÃ²n tiáº¿p,46,46,0,
Luật Pháp Vô Dụng Ta Thẩm Phán Toàn Cầu Dị Năng Giả,3,Táº¡m dá»«ng,46,46,0,
Tro Tàn Thái Uyên,3,Táº¡m dá»«ng,46,46,0,
Âm Dương Quỷ Dò Xét,1,CÃ²n tiáº¿p,46,46,0,
Học Đường Vũ Trụ Mô Phỏng,1,CÃ²n tiáº¿p,46,46,0,
Ngủ Say Vạn Năm Tỉnh Lại Con Cái Toàn Bộ Thành Đại Lão,3,Táº¡m dá»«ng,46,46,0,
Nhật Ký Pokemon Hoenn Ta Đến Đây,1,CÃ²n tiáº¿p,45,45,0,
Nhất Kiếm Phong Thiên,1,CÃ²n tiáº¿p,45,45,0,
Ta Hối Hận Rồi Trùng Sinh Sửa Sai Được Không,1,CÃ²n tiáº¿p,45,45,0,
Nhạc Viên Vô Hạn Bị Động Điệp Gia Các Hạ Ứng Đối Ra Sao,1,CÃ²n tiáº¿p,45,45,0,
Từ Bịa Đặt Tổ Tông Bắt Đầu Thành Lập Trường Sinh Gia Tộc,3,Táº¡m dá»«ng,45,45,0,
Ai Còn Đứng Đắn Tu Tiên A,3,Táº¡m dá»«ng,45,45,0,
Gia Tộc Tu Tiên Bắt Đầu Một Cái Thiên Linh Căn Đạo Lữ,3,Táº¡m dá»«ng,45,45,0,
Quy Tắc Chuyện Lạ Ta Đem Chuyện Lạ Thế Giới Chơi Sập,1,CÃ²n tiáº¿p,45,45,0,
Mạt Thế Hệ Thống Tới Sớm 3 Năm Đây Là Cơ Hội Của Ta,1,CÃ²n tiáº¿p,45,45,0,
Thám Hiểm Ký,1,CÃ²n tiáº¿p,45,45,0,
Phụ Mẫu Chạy Trốn Ta Một Đầu Công Giao Bị Ép Ấp Trứng,1,CÃ²n tiáº¿p,45,45,0,
90 Xinh Đẹp Chủ Thuê Nhà,3,Táº¡m dá»«ng,44,44,0,
Cái Gì Gọi Là Ta Là Nhân Vật Phản Diện Đại Sư Huynh,3,Táº¡m dá»«ng,44,44,0,
Ta Đúng Là Nhân Loại,1,CÃ²n tiáº¿p,44,44,0,
Lạc Hồng Trùng Sinh Truyện,1,CÃ²n tiáº¿p,44,44,0,
Thiên Đạo Sụp Đổ Ta Mở Treo Làm Sao Rồi,3,Táº¡m dá»«ng,44,44,0,
Ám Hà Từ Tiểu Tốt Đến Đại Gia Trưởng Gan Liền Biến Cường,1,CÃ²n tiáº¿p,44,44,0,
Đấu La Huyết Nhân Cuồng Đồ,1,CÃ²n tiáº¿p,44,44,0,
Ta Trong Trò Chơi Tu Tiên Cày Độ Thuần Thục,1,CÃ²n tiáº¿p,44,44,0,
Ta Long Hổ Lão Thiên Sư Xuống Núi Tức Vô Địch,1,CÃ²n tiáº¿p,64,64,0,
Gan Đế Tu Tiên Chế Tạo Vạn Cơ Thần Quốc,3,Táº¡m dá»«ng,43,43,0,
Azeroth Phù Thủy Xứ Oz,1,CÃ²n tiáº¿p,43,43,0,
Tây Du Từ Thực Thiết Thú Bắt Đầu Thành Tiên,1,CÃ²n tiáº¿p,43,43,0,
Mộng Đế,1,CÃ²n tiáº¿p,43,43,0,
Trục Đạo Nghịch Thiên,1,CÃ²n tiáº¿p,42,42,0,
Tổng Mạn Từ Xích Long Đế Bắt Đầu Làm Tà Đạo Nhân Vật Chính,1,CÃ²n tiáº¿p,42,42,0,
Hokage Chỉ Học Cấm Thuật Kaguya Bị Ta Đánh Khóc,1,CÃ²n tiáº¿p,42,42,0,
Quỷ Bí Thế Giới Điều Tra Sổ Tay,3,Táº¡m dá»«ng,42,42,0,
Cao Võ Công Pháp Của Ta Có Điều Mục,3,Táº¡m dá»«ng,42,42,0,
Đại Đường Nhập Ma,3,Táº¡m dá»«ng,42,42,0,
Khi Dòng Sông Ngừng Chảy,1,CÃ²n tiáº¿p,42,42,0,
Ta Đoạt Diệt Bá Infinity Gauntlet,1,CÃ²n tiáº¿p,42,42,0,
Bắt Đầu Bị Phế Giác Tỉnh Triệu Hoán Hệ Thống,1,CÃ²n tiáº¿p,42,42,0,
Cái Này Người Chơi Có Vấn Đề A,1,CÃ²n tiáº¿p,42,42,0,
Đạo Quỷ Sống Lại,3,Táº¡m dá»«ng,42,42,0,
Tự Tại Tiêu Dao,1,CÃ²n tiáº¿p,42,42,0,
Mô Phỏng Nhân Sinh Ta Tiến Nhập Quỷ Dị Tu Tiên Giới,3,Táº¡m dá»«ng,42,42,0,
Lãnh Chúa Cầu Sinh Bắt Đầu Một Cái Ba Lô Hành Quân,1,CÃ²n tiáº¿p,42,42,0,
Đấu La Đảo Ngược Luân Hồi Thiên Sứ Tông Đại Chiến Hạo Thiên Điện,1,CÃ²n tiáº¿p,42,42,0,
Luyện Khí,1,CÃ²n tiáº¿p,42,42,0,
Đại Minh Thất Phu,1,CÃ²n tiáº¿p,41,41,0,
Bắt Đầu Áp Giải Công Chúa Ta Thành Tiên,1,CÃ²n tiáº¿p,41,41,0,
Linh Giới Người Đưa Tin,3,Táº¡m dá»«ng,41,41,0,
Linh Dị Người Ghi Chép,1,CÃ²n tiáº¿p,41,41,0,
Hạn Chế Cấp Huyễn Tưởng Xâm Nhập Bên Trong,1,CÃ²n tiáº¿p,41,41,0,
Trí Giả Không Vào Bể Tình Nghịch Đồ Bảo Ta Lão Bà,1,CÃ²n tiáº¿p,41,41,0,
Thân Là Quỷ Không Làm Người Cũng Rất Hợp Lý Đi,3,Táº¡m dá»«ng,41,41,0,
Bạo Binh Hệ Thống Chi Bắt Đầu Phẫn Nộ Sát Nữ Đế,1,CÃ²n tiáº¿p,40,40,0,
Pokemon Khởi Đầu Mười Năm,1,CÃ²n tiáº¿p,40,40,0,
Chúng Tinh Chi Chủ,1,CÃ²n tiáº¿p,40,40,0,
Hàng Hải Cướp Đoạt Lý Phiên Dòng Ủng Hộ Nữ Thần Vòng,3,Táº¡m dá»«ng,40,40,0,
Ta Bất Quá Làm Làm Yêu Làm Sao Lại Thành Ánh Trăng Sáng,1,CÃ²n tiáº¿p,40,40,0,
Bắt Đầu Na Tra Truyền Thừa Hệ Thống Lại Chạy,3,Táº¡m dá»«ng,40,40,0,
Đại Đạo Phiêu Miểu,1,CÃ²n tiáº¿p,40,40,0,
Giải Trí Làm Đạo Diễn Thật Là Sảng Khoái Mỗi Ngày Quy Tắc Ngầm,1,CÃ²n tiáº¿p,40,40,0,
Comic Deathstroke,1,CÃ²n tiáº¿p,40,40,0,
Công Pháp Tự Động Thăng Cấp Ta Thành Vạn Cổ Võ Thánh,1,CÃ²n tiáº¿p,40,40,0,
Người Tại Fairy Tail Thật Có Lỗi Ta Đúng Là Hắc Thủ Phía Sau Màn,1,CÃ²n tiáº¿p,40,40,0,
Vừa Thành Ma Đế Khóa Lại Thánh Mẫu Hệ Thống Là Cái Quỷ Gì,3,Táº¡m dá»«ng,40,40,0,
Tru Tiên Độ Thiện Cảm Hệ Thống Bắt Đầu Khóa Lại Thủy Nguyệt,1,CÃ²n tiáº¿p,40,40,0,
Trọng Sinh Theo Bắt Bạch Nguyệt Quang Lợi Tức Bắt Đầu,3,Táº¡m dá»«ng,40,40,0,
Văn Tự Trò Chơi Xâm Lấn Hiện Thực Mỗi Ngày Phiên Bản Mới,1,CÃ²n tiáº¿p,40,40,0,
Bắt Đầu Một Gian Quầy Bán Quà Vặt kinh Doanh,3,Táº¡m dá»«ng,40,40,0,
Khoa Cử Ngàn Năm Ta Cuối Cùng Thành Trường Sinh Trạng Nguyên Tiên,3,Táº¡m dá»«ng,40,40,0,
Ta Mới Ba Tuổi Nữ Đế Mang Nồi Tới Cửa Cầu Phụ Trách,1,CÃ²n tiáº¿p,40,40,0,
Ta Tại Mê Vụ Chế Tạo Hoàn Mỹ Lãnh Địa,1,CÃ²n tiáº¿p,52,52,0,
King Crimson Là Không Nguyên Nhân Có Quả Đấy,3,Táº¡m dá»«ng,40,40,0,
Hoạn Hải Phù Trầm,1,CÃ²n tiáº¿p,40,40,0,
Ta Đến Ấp Ma Pháp Thiếu Nữ,3,Táº¡m dá»«ng,40,40,0,
Khí Vận,1,CÃ²n tiáº¿p,39,39,0,
Minh Nhật Vĩnh Sinh,3,Táº¡m dá»«ng,39,39,0,
Xuyên Qua Thành Ác Phu Ta Khóc Cầu Cho Tức Phụ Nuôi Bé Con,3,Táº¡m dá»«ng,39,39,0,
Tu Tiên Từ Kế Thừa Gia Sản Bắt Đầu,1,CÃ²n tiáº¿p,39,39,0,
Mất Tu Vi Các Tiên Tử Muốn Tinh Toán Nợ Cũ,1,CÃ²n tiáº¿p,39,39,0,
Nhân Gian Thiếu Niên Hành,1,CÃ²n tiáº¿p,39,39,0,
Ta Tại Ma Tông Trảm Yêu Trừ Ma Khắc Mệnh Tu Tiên,1,CÃ²n tiáº¿p,39,39,0,
Mãng Thư Sinh Thủy Mặc Tu Hành,1,CÃ²n tiáº¿p,39,39,0,
Tiêu Phong Xuyên Qua Trương Vô Kỵ,1,CÃ²n tiáº¿p,39,39,0,
Ta Có Một Bản Sinh Tử Bộ,3,Táº¡m dá»«ng,39,39,0,
Mộng Tận Hư Không,1,CÃ²n tiáº¿p,38,38,0,
Bắt Đầu Thu Đồ Xây Thiên Cung Ta Chấn Kinh Mọi Người,1,CÃ²n tiáº¿p,38,38,0,
Bắt Đầu A Cấp Cấm Vật Người Chơi Đánh Cho Ta Công,1,CÃ²n tiáº¿p,38,38,0,
Tổng Mạn Từ Kimetsu No Yaiba Bắt Đầu,1,CÃ²n tiáº¿p,38,38,0,
Công Pháp Của Ta Có Thể Tự Động Cướp Đoạt Độ Thuần Thục,1,CÃ²n tiáº¿p,38,38,0,
One Piece Ngai Vàng Sụp Đổ,1,CÃ²n tiáº¿p,38,38,0,
Tranh Bá Đánh Dấu Mười Ngày Nhất Thống Đại Tần,1,CÃ²n tiáº¿p,38,38,0,
One Piece Dị Giới Đội Tầm Bảo,1,CÃ²n tiáº¿p,36,36,0,
Song Sinh Nữ Đế Tỷ Muội Hoa Phản Phái Liền Muốn Chơi Đến Hoa,3,Táº¡m dá»«ng,36,36,0,
Vu Sư Ký Sự,1,CÃ²n tiáº¿p,36,36,0,
Huyễn Kỳ Thư Trò Chơi Của Thần,1,CÃ²n tiáº¿p,36,36,0,
Long Tộc,1,CÃ²n tiáº¿p,36,36,0,
Di Ngôn Mỗi Ngày Bắt Đầu Thành Tiên Từ Tạp Dịch Phòng Luyện Đan,3,Táº¡m dá»«ng,36,36,0,
Mẹ Ta Là Đại Lão Xuyên Nhanh,3,Táº¡m dá»«ng,36,36,0,
Bắt Đầu Hưởng Thọ 900 Năm Bàn Tay Vàng Mới Đến,1,CÃ²n tiáº¿p,36,36,0,
Ta Vừa Thành Đại Đế Liền Bị Hậu Nhân Cho Triệu Hoán,1,CÃ²n tiáº¿p,35,35,0,
Livestream Tu Tiên Donate Là Tăng Lực,1,CÃ²n tiáº¿p,35,35,0,
Đấu Phá Bắt Đầu Tiêu Huyền Mặt Ngoài Cổ Tộc Phá Phòng,3,Táº¡m dá»«ng,35,35,0,
Cướp Ta Nhân Duyên Quay Người Gả Bạo Quân Đoạt Hậu Vị,1,CÃ²n tiáº¿p,35,35,0,
Huyền Huyễn Ta Có Thể Sửa Chữa Vạn Vật Từ Khóa,1,CÃ²n tiáº¿p,35,35,0,
Ta Phản Phái Thiên Quý Thế Tử Bắt Đầu Đánh Mặt Xuyên Sách Nữ,3,Táº¡m dá»«ng,35,35,0,
Bằng Vào Ta Thâm Tình Tế Tuế Nguyệt,1,CÃ²n tiáº¿p,35,35,0,
Vô Hạn Thế Giới Tùy Cơ Nhân Vật Bắt Đầu Red Archer,1,CÃ²n tiáº¿p,35,35,0,
Pandora Gaia,1,CÃ²n tiáº¿p,35,35,0,
Thao Thiết Thịnh Yến Ta Tại Đô Thị Nuốt Sơn Hải,1,CÃ²n tiáº¿p,35,35,0,
Bài Trừ Thuộc Tính Xấu Ta Thành Thần,1,CÃ²n tiáº¿p,35,35,0,
Không Ai Hiều Trùng Sinh Hơn Ta,1,CÃ²n tiáº¿p,34,34,0,
Hóa Thân Côn Bằng Thế Gian Không Có Gì Không Thể Nuốt,3,Táº¡m dá»«ng,34,34,0,
Dân Tục Từ Tẩu Quỷ Nhân Bắt Đầu Danh Sách Thăng Cấp,1,CÃ²n tiáº¿p,34,34,0,
Từ Hạ Nhẫn Bắt Đầu,1,CÃ²n tiáº¿p,34,34,0,
Hải Tặc Cướp Mất Linlin Từ Chuyển Sinh Loki Bắt Đầu,1,CÃ²n tiáº¿p,52,52,0,
Nhất Nhân Chấn Thiên,1,CÃ²n tiáº¿p,34,34,0,
Pokemon Khởi Đầu Nhặt Được Nebby,3,Táº¡m dá»«ng,34,34,0,
Chu Tước Ký,1,CÃ²n tiáº¿p,34,34,0,
Sử Thượng Đệ Nhất Yêu,1,CÃ²n tiáº¿p,34,34,0,
Superman Của Mcu,1,CÃ²n tiáº¿p,34,34,0,
Từ Vùng Biên Đến Chiến Trường Liên Sao,3,Táº¡m dá»«ng,34,34,0,
Công Tử Tại Sao Không Thành Thi Tiên,1,CÃ²n tiáº¿p,34,34,0,
Ta Ở Truyện Tiểu Thuyết Trinh Thám Làm Thần Hào,1,CÃ²n tiáº¿p,34,34,0,
Tiên Tử Lại Hà Hơi Ngươi Thật Sự Có Điểm Thiếu Yêu,1,CÃ²n tiáº¿p,34,34,0,
Thiên Tai Tận Thế Ta Có Thứ Nguyên Túi,1,CÃ²n tiáº¿p,33,33,0,
Võ Hành Chi Nhân,1,CÃ²n tiáº¿p,33,33,0,
Lol Đường Đến Vinh Quang,1,CÃ²n tiáº¿p,33,33,0,
Vô Hạn Phân Thân Ta Đây Ngộ Tính Quá Mạnh Mẽ,1,CÃ²n tiáº¿p,33,33,0,
Sức Mạnh Đế Vương,1,CÃ²n tiáº¿p,33,33,0,
Có Bệnh Mới Tu Tiên,3,Táº¡m dá»«ng,33,33,0,
Một Người Thế Giới Tận Thế,1,CÃ²n tiáº¿p,33,33,0,
Đưa Đại Việt Trở Thành Siêu Cường,1,CÃ²n tiáº¿p,33,33,0,
Từ Mãng Hoang Tăng Phúc Tổ Thần Luyện Thể Pháp Bắt Đầu,1,CÃ²n tiáº¿p,32,32,0,
Tiên Võ Trường Sinh Từ Trảm Yêu Ti Bắt Đầu,1,CÃ²n tiáº¿p,32,32,0,
Kiếm Tuyết Cuồng Tiên,1,CÃ²n tiáº¿p,32,32,0,
Vô Thượng Tiên Tộc Theo Bỏ Mình Bắt Đầu,1,CÃ²n tiáº¿p,32,32,0,
Ẩn Cưới Mang Bé Con Thường Ngày,1,CÃ²n tiáº¿p,32,32,0,
Tiên Hiệp Thế Giới Druid,3,Táº¡m dá»«ng,32,32,0,
Khuấy Động Đa Nguyên Campione,1,CÃ²n tiáº¿p,32,32,0,
Sen Tàn Khi Thu Đến,1,CÃ²n tiáº¿p,32,32,0,
Đệ Nhất Ngân Hà,1,CÃ²n tiáº¿p,32,32,0,
Genshin Impact Phát Sóng Trực Tiếp Vấn Đáp Bắt Đầu Cưỡng Hôn Babara,1,CÃ²n tiáº¿p,32,32,0,
Genshin Impact Người Tại Liyue Tinh Thần Là Cái Quỷ Gì,3,Táº¡m dá»«ng,32,32,0,
Liên Minh Huyền Thoại Con Đường Hoàng Kim,1,CÃ²n tiáº¿p,31,31,0,
Cơn Lốc Đường Biên,1,CÃ²n tiáº¿p,31,31,0,
Ngươi Này Cơ Thể Cải Tạo Hợp Pháp Không,1,CÃ²n tiáº¿p,31,31,0,
Vạn Tinh Đồ Ta Nghịch Thiên Ngộ Tính Còn Tại Trở Nên Mạnh Mẽ,1,CÃ²n tiáº¿p,31,31,0,
Tận Thế Sinh Tồn Theo Đội Xe Một Đường Cầu Sinh,1,CÃ²n tiáº¿p,31,31,0,
Ta Tại Nạn Đói Biến Thành Ám Ảnh Chi Vương,1,CÃ²n tiáº¿p,31,31,0,
Ở Chung Mỹ Thiếu Nữ Các Nàng Tất Cả Đều Là Ẩn Giấu Địa Lôi,1,CÃ²n tiáº¿p,30,30,0,
Chư Giới Long Kiếp,1,CÃ²n tiáº¿p,30,30,0,
Cẩu Ở Thế Giới Huyền Huyễn Treo Máy Thành Thần,1,CÃ²n tiáº¿p,66,66,0,
Từ Đầu Bếp Đao Công Bắt Đầu Luyện Đao Pháp,1,CÃ²n tiáº¿p,30,30,0,
Già Thiên,1,CÃ²n tiáº¿p,30,30,0,
Chồng Trước Chê Ta Sẽ Không Sinh Gả Thủ Trưởng Sinh Ba Thai,1,CÃ²n tiáº¿p,30,30,0,
Bảy Số Không Nhất Cứng Rắn Cẩu Thả Hán Bị Nàng Dâu Vẩy Đỏ Mắt,1,CÃ²n tiáº¿p,30,30,0,
Bắt Đầu Bị Tế Sống Trong Cơ Thể Ở Lấy Một Tỷ Thiên Ma,3,Táº¡m dá»«ng,30,30,0,
Ta Tại Thần Quỷ Loạn Thế Mở Võ Quán,1,CÃ²n tiáº¿p,30,30,0,
Nhân Gian Như Ngục Ta Nhục Thân Thành Thánh,1,CÃ²n tiáº¿p,30,30,0,
Vệ Thần Mạt Thế Xác Sống,1,CÃ²n tiáº¿p,30,30,0,
Tinh Hà Chi Chủ,1,CÃ²n tiáº¿p,40,30,10,"31,32,33,34,35,36,37,38,39,40"
Nhà Tư Bản Tiểu Thư Xuống Nông Thôn Nội Ứng Sĩ Quan Sủng Phát Nổ,1,CÃ²n tiáº¿p,30,30,0,
Nhường Tiên Minh Lần Nữa Vĩ Đại,1,CÃ²n tiáº¿p,30,30,0,
Trộm Mộ Khảo Cổ Trực Tiếp Chi Bắt Đầu Ngươi Cho Ta Nói Mò,1,CÃ²n tiáº¿p,30,30,0,
Mất Khống Chế Đối Thủ Một Mất Một Còn Chỉ Muốn Hôn Nàng,1,CÃ²n tiáº¿p,30,30,0,
Hệ Thống Bản Ngã Thức Tỉnh,1,CÃ²n tiáº¿p,30,30,0,
Kiều Nhuyễn Trà Xanh Biến Đoàn Sủng Tu La Trường Bên Trong Vạn Người Mê,1,CÃ²n tiáº¿p,30,30,0,
Thám Tử Huyền Bí Ở Thế Giới Hơi Nước,1,CÃ²n tiáº¿p,30,30,0,
Thần Tiên Đạo Quả Thẻ Bài Giúp Ta,1,CÃ²n tiáº¿p,30,30,0,
Hồng Hoang Sư Huynh A Sư Huynh Bắt Đầu Nữ Thần Đồ Giám,1,CÃ²n tiáº¿p,30,30,0,
Nhanh Xuyên Ốm Yếu Mỹ Nhân Dựa Vào Nũng Nịu Thuần Phục Phản Phái,1,CÃ²n tiáº¿p,29,29,0,
Ngục Đế Trở Lại Cha Bỉm Sữa Vô Địch Thiên Hạ,3,Táº¡m dá»«ng,29,29,0,
Truất Long,1,CÃ²n tiáº¿p,29,29,0,
Cố Mộng,3,Táº¡m dá»«ng,29,29,0,
Gấp Toàn Tộc Ta Đều Là Bệnh Đau Mắt Đỏ,1,CÃ²n tiáº¿p,29,29,0,
Gene Của Ta Đơn Giản Quá Tuyệt,3,Táº¡m dá»«ng,29,29,0,
Bạo Quân Nghe Được Tiếng Lòng Của Ta,1,CÃ²n tiáº¿p,29,29,0,
Cái Này Tu Tiên Hệ Thống Có Bệnh Nặng,3,Táº¡m dá»«ng,29,29,0,
Tận Thế Kí Ức Lãng Quên,3,Táº¡m dá»«ng,28,28,0,
Tâm Ma,1,CÃ²n tiáº¿p,28,28,0,
Ngự Thú Thiên Phú Vong Linh Sứ Giả,3,Táº¡m dá»«ng,28,28,0,
Chữa Khỏi Bách Bệnh Tự Gánh Lấy Hậu Quả,3,Táº¡m dá»«ng,28,28,0,
Biện Kinh Xuân Khuê,1,CÃ²n tiáº¿p,28,28,0,
Đánh Chính Là Người Mình,1,CÃ²n tiáº¿p,36,36,0,
Hokage Bắt Đầu Thời Không Gian Huyết Kế Cao Nhẫn Nhất Đẳng,1,CÃ²n tiáº¿p,73,73,0,
Ta Tuyệt Thế Kiếm Tiên Kiếm Trủng Ngộ Đạo Tám Mươi Năm,3,Táº¡m dá»«ng,27,27,0,
Ta Tại Tội Ác Chi Đô Đương Phiến Cảnh,1,CÃ²n tiáº¿p,27,27,0,
Sau Khi Bị Ép Thay Gả,3,Táº¡m dá»«ng,27,27,0,
Nấp Sau Lv 0,1,CÃ²n tiáº¿p,26,26,0,
Theo Ma Môn Bắt Đầu Làm Võ Thánh,3,Táº¡m dá»«ng,26,26,0,
Thân Tại Thất Huyền Môn Ta Tu Thành Tuyệt Thế Kiếm Tiên,1,CÃ²n tiáº¿p,26,26,0,
Toàn Cầu Trò Chơi Bắt Đầu Thu Được Hỗn Độn Thánh Thể,1,CÃ²n tiáº¿p,26,26,0,
Nhục Thân Thành Thánh Từ Đứng Như Cọc Gỗ Thêm Điểm Bắt Đầu,1,CÃ²n tiáº¿p,26,26,0,
Ta Thế Nào Thật Thành Phương Thốn Sơn Đệ Tử A,3,Táº¡m dá»«ng,26,26,0,
Súc Sinh Ký I Huyết Đàm,1,CÃ²n tiáº¿p,26,26,0,
Gả Cho Tiền Nhiệm Hắn Đệ trùng Sinh,1,CÃ²n tiáº¿p,26,26,0,
Nhân Gian,1,CÃ²n tiáº¿p,26,26,0,
Ma Lộ Độc Tôn,1,CÃ²n tiáº¿p,26,26,0,
Võ Đạo Trường Sinh Phân Thân Của Ta Toàn Bộ Là Diệt Thế Cấp,3,Táº¡m dá»«ng,26,26,0,
Cái Này Bug Quá Tuyệt Vời,1,CÃ²n tiáº¿p,25,25,0,
Bắt Đầu Một Toà Quán Trọ Ta Bãi Lạn,3,Táº¡m dá»«ng,25,25,0,
Ta Có Đánh Dấu Hệ Thống Nhưng Đây Là Vua Trò Chơi Thế Giới,1,CÃ²n tiáº¿p,25,25,0,
Vạn Cổ Thánh Hoàng,1,CÃ²n tiáº¿p,25,25,0,
Vạn Giới Chiến Ca,1,CÃ²n tiáº¿p,25,25,0,
Già Thiên Hồng Hoang Mô Phỏng Bắt Đầu Bàn Cổ Khai Thiên,1,CÃ²n tiáº¿p,25,25,0,
Tam Quốc Đa Tử Đa Phúc Bắt Đầu Cưới Thái Diễm,1,CÃ²n tiáº¿p,25,25,0,
Thân Là Nhân Vật Phản Diện Ta Mang Theo Con Nuôi Đoàn Xuất Đạo,1,CÃ²n tiáº¿p,25,25,0,
Từ Mù Chữ Bắt Đầu Đỉnh Lưu Thời Đại,1,CÃ²n tiáº¿p,25,25,0,
Đồng Nhân Sword Art Online Tân Thế Giới,1,CÃ²n tiáº¿p,25,25,0,
Võng Du Bắt Đầu Trăm Vạn Ức Điểm Kỹ Năng,1,CÃ²n tiáº¿p,25,25,0,
Toàn Thành Xuyên Qua Từ Nguyên Tố Chi Phối Bắt Đầu Tiến Hóa,1,CÃ²n tiáº¿p,25,25,0,
Đa Tử Đa Phúc Nhường Ngươi Lấy Vợ Sinh Con Ngươi Đánh Như Thế Nào Tạo Bất Hủ Tiên Triều,1,CÃ²n tiáº¿p,25,25,0,
Ngự Thú Hệ Thống Tình Báo Như Thế Nào Là Trò Chơi Thông Cáo,1,CÃ²n tiáº¿p,56,56,0,
Minh Tinh Này Không Muốn Cuốn Nữa,1,CÃ²n tiáº¿p,25,25,0,
Ta Load Tiên Đạo Trò Chơi,1,CÃ²n tiáº¿p,25,25,0,
Mệnh Cách Có Tài Nhưng Thành Đạt Muộn Nhưng Ta Là Thiên Tài A,1,CÃ²n tiáº¿p,25,25,0,
Đã Nói Xong Mô Phỏng Tiên Tử Ngươi Làm Sao Tới Cửa,1,CÃ²n tiáº¿p,24,24,0,
Tổng Võ Từ Max Cấp Độc Cô Cửu Kiếm Bắt Đầu,3,Táº¡m dá»«ng,24,24,0,
Hồ Sơ Sự Kiện Tử Vong Lâm Thành,1,CÃ²n tiáº¿p,24,24,0,
Thống Soái Uống Nhầm Thuốc Hay Ăn Nhầm Canh,1,CÃ²n tiáº¿p,24,24,0,
Khảm Sài Võ Thánh,1,CÃ²n tiáº¿p,24,24,0,
Cái Này Ép Gả Ta Nguyện Ý,1,CÃ²n tiáº¿p,24,24,0,
Toàn Dân Lãnh Chúa Quang Hoàn Gia Thân,3,Táº¡m dá»«ng,24,24,0,
Vô Vọng Tiên Đồ,1,CÃ²n tiáº¿p,24,24,0,
Xuyên Thư Tiên Võ Đế Tôn Ta Làm Thần Thoại Đế,1,CÃ²n tiáº¿p,23,23,0,
Trong Cơ Thể Ta Có Bản Sơn Hải Kinh,1,CÃ²n tiáº¿p,23,23,0,
Một Ngày Một Cái Tu Luyện Điểm,1,CÃ²n tiáº¿p,23,23,0,
Dị Giới Là Quá Dễ,1,CÃ²n tiáº¿p,23,23,0,
Từ Hôn Sau Mới Biết Được Ta Là Tiên Đế Chuyển Thế,1,CÃ²n tiáº¿p,23,23,0,
Đại Chu Võ Tiên Bắt Đầu Cho Thái Bình Công Chúa Làm Nội Vệ,1,CÃ²n tiáº¿p,23,23,0,
Trở Lại 1986 Ta Làm Lại Cuộc Đời Từ Bán Cá Khô,1,CÃ²n tiáº¿p,23,23,0,
Chế Tạo Vạn Cổ Tiên Môn Ta Có Thể Đọc Đến Đệ Tử Dòng,1,CÃ²n tiáº¿p,23,23,0,
Bắt Đầu Dung Hợp Chí Tôn Cốt,1,CÃ²n tiáº¿p,23,23,0,
Dị Trùng Chủng,1,CÃ²n tiáº¿p,23,23,0,
Tam Giới,1,CÃ²n tiáº¿p,23,23,0,
Dị Lực Vĩnh Cấm,3,Táº¡m dá»«ng,22,22,0,
114 Cuộc Gọi Khẩn Cấp,1,CÃ²n tiáº¿p,22,22,0,
Ta Chính Là Kiều Sở,1,CÃ²n tiáº¿p,22,22,0,
Nghịch Càn Khôn,3,Táº¡m dá»«ng,22,22,0,
Tận Thế Dung Hồn Dị Biến,1,CÃ²n tiáº¿p,22,22,0,
Dị Thế Tranh Bá Khai Cục Triệu Hoán Lữ Bố,3,Táº¡m dá»«ng,22,22,0,
Bầy Bạn Nói Ta Là Đại Boss,1,CÃ²n tiáº¿p,22,22,0,
Từ Treo Máy Chém Yêu Bắt Đầu Trường Sinh Bất Tử,1,CÃ²n tiáº¿p,22,22,0,
Trở Lại Cha Mẹ Ly Hôn Lúc,1,CÃ²n tiáº¿p,21,21,0,
Nhị Lang Chí Thánh Tiên Sư,1,CÃ²n tiáº¿p,21,21,0,
Toàn Cầu Cao Võ Chi Sát Lục Thành Hoàng,1,CÃ²n tiáº¿p,21,21,0,
Ta Nhất Định Cần Lập Tức Xử Lý Cuối Cùng Boss,1,CÃ²n tiáº¿p,21,21,0,
Người Kể Chuyện,3,Táº¡m dá»«ng,21,21,0,
Trước Kia Có Một Toà Linh Kiếm Sơn Trang,1,CÃ²n tiáº¿p,21,21,0,
Thần Ma Kỷ Nguyên Ta Tiến Hóa Thành Cuối Cùng Boss,1,CÃ²n tiáº¿p,26,26,0,
Ta Tiên Đế Ngươi Để Cho Ta Xông Xáo Tân Thủ Thôn,3,Táº¡m dá»«ng,21,21,0,
Võng Du Giáng Lâm Từ Kế Hoạch Tạo Thần Bắt Đầu,1,CÃ²n tiáº¿p,21,21,0,
Ta Cẩu Tại Tu Tiên Giới Trường Sinh Bất Tử,1,CÃ²n tiáº¿p,21,21,0,
Thủy Nguyên Thành Thần Chung Vi Thiên Địa Sơn Xuyên Chủ,1,CÃ²n tiáº¿p,21,21,0,
Lâm Thánh,1,CÃ²n tiáº¿p,23,23,0,
Có Chút Viên Mãn,1,CÃ²n tiáº¿p,21,21,0,
Gia Tộc Quật Khởi Từ Biên Hoang Quan Phu Đến Trường Sinh Đạo Quân,1,CÃ²n tiáº¿p,21,21,0,
Hỗn Độn Khôi Phục Ta Quản Ngươi Cái Này Cái Kia Một Tiễn Giây,1,CÃ²n tiáº¿p,21,21,0,
Chưởng Môn Hôm Nay Lại Bị Đâm Giết,1,CÃ²n tiáº¿p,21,21,0,
Cửu Thái Đạo Đồ,1,CÃ²n tiáº¿p,20,20,0,
Cẩu Tại Quỷ Dị Tận Thế Làm Ma Tu,1,CÃ²n tiáº¿p,20,20,0,
Để Ngươi Làm Druid Ngươi Gia Nhập Ma Môn,1,CÃ²n tiáº¿p,20,20,0,
Bắt Đầu Hệ Thống Phụ Thể Yêu Thần Cũng Phải Quỳ Xuống Cho Ta,1,CÃ²n tiáº¿p,20,20,0,
Cuồng Nhân Không Viết Nhật Ký,1,CÃ²n tiáº¿p,20,20,0,
Cái Này Điên Vu Sư Ổn Được Một Nhóm,1,CÃ²n tiáº¿p,20,20,0,
Cái Gì Làm Sao Ngươi Biết Ta Linh Khí Khôi Phục,3,Táº¡m dá»«ng,20,20,0,
Đúng Đúng Đúng Chúng Ta Đệ Tứ Thiên Tai Chính Là Như Vậy,1,CÃ²n tiáº¿p,20,20,0,
Đại Hoang Ta Dựa Vào Nhặt Tu Vi Đến Trấn Yêu Ma,1,CÃ²n tiáº¿p,20,20,0,
Lãnh Chúa Từ Đạo Quan Bắt Đầu,1,CÃ²n tiáº¿p,20,20,0,
Lại Từ Đại Đạo Tranh Phong Bắt Đầu,1,CÃ²n tiáº¿p,20,20,0,
Kinh Dị Nhạc Viên,1,CÃ²n tiáº¿p,20,20,0,
Em Là Sự Ấm Áp Vô Song,1,CÃ²n tiáº¿p,20,20,0,
Ác Ma Không Đàm Phán Yêu Đương,1,CÃ²n tiáº¿p,20,20,0,
Ngọc Mạo,1,CÃ²n tiáº¿p,20,20,0,
Nhân Tiên,1,CÃ²n tiáº¿p,20,20,0,
Vì Sợ Chết Ta Gia Nhập Ma Đạo Lại Không Ngờ Thành Vạn Cổ Ma Đế,1,CÃ²n tiáº¿p,20,20,0,
Tửu Kiếm Tiên Say Xông Giáo Hoa Phòng Tắm Toàn Trường Chấn Kinh,3,Táº¡m dá»«ng,20,20,0,
Linh Sau Lưng Của Ta Là Người Chơi,1,CÃ²n tiáº¿p,19,19,0,
Hệ Thống Khởi Nghiệp Tông Môn,1,CÃ²n tiáº¿p,19,19,0,
Bắt Đầu Nhất Tòa Tụ Bảo Bồn,1,CÃ²n tiáº¿p,19,19,0,
Thiên Tôn Đế Mạch,1,CÃ²n tiáº¿p,19,19,0,
Tu Luyện Một Ngày Chống Đỡ Trăm Năm Ta Can Thành Võ Thánh,1,CÃ²n tiáº¿p,19,19,0,
Ta Có Một Vũ Trụ Nhỏ,1,CÃ²n tiáº¿p,19,19,0,
Ta Có Một Cái Tu Tiên Máy Mô Phỏng,1,CÃ²n tiáº¿p,21,21,0,
Từ Sóng Gió Gia Tộc Trở Thành Youtuber,1,CÃ²n tiáº¿p,19,19,0,
Yêu Nữ Sư Tôn Đúng Là Ta Nương Tử,1,CÃ²n tiáº¿p,19,19,0,
Dị Giới Rubik Cube,1,CÃ²n tiáº¿p,19,19,0,
Sanctuary,1,CÃ²n tiáº¿p,19,19,0,
Mesatravia,1,CÃ²n tiáº¿p,18,18,0,
Dota 2 Làm Lại Cuộc Đời,3,Táº¡m dá»«ng,18,18,0,
Nam Thiên Trấn Hồn Ký,3,Táº¡m dá»«ng,18,18,0,
Ta Ở Trong Ác Mộng Thành Thần,3,Táº¡m dá»«ng,18,18,0,
Ngũ Phúc Chi Vạn Lý Thiên,1,CÃ²n tiáº¿p,18,18,0,
Thiên Tà Đế Tôn,1,CÃ²n tiáº¿p,18,18,0,
Hắc Hoạ,1,CÃ²n tiáº¿p,18,18,0,
Tiếng Vọng Nơi Vực Sâu,1,CÃ²n tiáº¿p,18,18,0,
Hắc Ảnh Thần Hành,1,CÃ²n tiáº¿p,18,18,0,
Ký Ức Thần Vương,1,CÃ²n tiáº¿p,18,18,0,
Hỗn Loạn Chi Lưu,1,CÃ²n tiáº¿p,18,18,0,
Tôi Có Gunny Hệ Thống,1,CÃ²n tiáº¿p,17,17,0,
Đại Sư Huynh,3,Táº¡m dá»«ng,17,17,0,
Từ Già Thiên Ma Ngục Huyền Thai Kinh Quét Ngang Chư Thiên,1,CÃ²n tiáº¿p,17,17,0,
Võ Động Bắt Đầu Một Quyển Hư Không Kinh,1,CÃ²n tiáº¿p,17,17,0,
Xuất Thẻ Hư Vô,1,CÃ²n tiáº¿p,19,19,0,
Tồn Tại Bất Diệt,1,CÃ²n tiáº¿p,17,17,0,
Tây Du Thu Đồ Trả Về Cái Này Chưởng Môn Vô Tư Khóc,1,CÃ²n tiáº¿p,17,17,0,
Sở Thiên Ta Làm Trùm Ngày Tận Thế,1,CÃ²n tiáº¿p,17,17,0,
Theo Thiết Bố Sam Bắt Đầu Nhân Gian Chi Thần,3,Táº¡m dá»«ng,17,17,0,
Văn Minh Nhạc Viên,1,CÃ²n tiáº¿p,16,16,0,
Không Biết Xâm Lấn,1,CÃ²n tiáº¿p,16,16,0,
Hệ Thống Khoa Kỹ Từ Ngày Đó Ta Thay Đổi Thế Giới Này,3,Táº¡m dá»«ng,16,16,0,
Ma Pháp Thần Vương,1,CÃ²n tiáº¿p,16,16,0,
Ma Kiếm Sư,1,CÃ²n tiáº¿p,16,16,0,
Nguyên Tiên,1,CÃ²n tiáº¿p,16,16,0,
Trong Tuyết Mẫu Đơn Phượng Minh Tam Quốc,1,CÃ²n tiáº¿p,16,16,0,
Trùng Sinh 1958 Từ Săn Thỏ Bắt Đầu Lên Núi Săn Bắn Sinh Hoạt,3,Táº¡m dá»«ng,16,16,0,
Toàn Dân Hải Dương Cầu Sinh Bắt Đầu Ta Có Thể Đoán Trước Cát Hung,1,CÃ²n tiáº¿p,15,15,0,
Ma Chủng Truyền Thừa,1,CÃ²n tiáº¿p,15,15,0,
Trả Trước Trăm Vạn Năm Ta Thành Vô Địch Đại Đế,1,CÃ²n tiáº¿p,15,15,0,
Kẻ Dạo Bước Không Gian Từ Nô Lệ Thành Bá Chủ,1,CÃ²n tiáº¿p,15,15,0,
Vĩnh Hằng Vị Lai,1,CÃ²n tiáº¿p,15,15,0,
Từ Đồi Phế Đường Ca Đến Tiên Tôn,3,Táº¡m dá»«ng,15,15,0,
Ta Thiên Mệnh Huyền Điểu Khởi Đầu Dung Hợp Khổng Tuyên Đại Bằng,1,CÃ²n tiáº¿p,15,15,0,
Chế Tác Tùng Hỗ Hội Chiến Khắp Internet Người Chơi Tử Chiến Không Lùi,1,CÃ²n tiáº¿p,15,15,0,
Thám Tử Ngọt,1,CÃ²n tiáº¿p,15,15,0,
Anh Hùng Diệt Thế,1,CÃ²n tiáº¿p,15,15,0,
Cứu Vớt Toàn Nhân Loại Bắt Đầu Từ Cày Cấp Trong Thế Giới Giả Lập,1,CÃ²n tiáº¿p,15,15,0,
Kỵ Chém Hệ Thống Từ Khai Thác Lãnh Chúa Bắt Đầu,1,CÃ²n tiáº¿p,14,14,0,
Ngược Về Hồng Hoang Hỏi Sao Ta Sinh,1,CÃ²n tiáº¿p,14,14,0,
Ta Tại Di Giới Henshin,1,CÃ²n tiáº¿p,14,14,0,
Tiên Tử Chậm Đã Ta Chỉ Muốn Trảm Yêu Trừ Ma,1,CÃ²n tiáº¿p,14,14,0,
Tu Tiên Chi Thượng,1,CÃ²n tiáº¿p,14,14,0,
Bán Mạng Vẫy Vùng Tại Chư Thiên Không Đấu Không Được,1,CÃ²n tiáº¿p,14,14,0,
Nhất Đạo Chí Tôn,1,CÃ²n tiáº¿p,14,14,0,
Thần Thú Nguyên Thần Cho Các Ngươi Ta Tuyển Hỗn Thế Ma Viên,3,Táº¡m dá»«ng,14,14,0,
Nghịch Mệnh,1,CÃ²n tiáº¿p,14,14,0,
Hành Trình Định Mệnh,1,CÃ²n tiáº¿p,13,13,0,
Mạc Hoàng Ký,1,CÃ²n tiáº¿p,13,13,0,
Thực Mộng,1,CÃ²n tiáº¿p,13,13,0,
Tiêu Dao Tiên Truyện,3,Táº¡m dá»«ng,13,13,0,
Kẻ Si Tình,1,CÃ²n tiáº¿p,13,13,0,
Dược Linh Sư,3,Táº¡m dá»«ng,13,13,0,
Hội Phát Triển Di Sản Cuối Cùng,1,CÃ²n tiáº¿p,13,13,0,
Phá Cảnh Đại Thánh,1,CÃ²n tiáº¿p,13,13,0,
Đấu La Tửu Lâu Của Những Kẻ Bị Bỏ Rơi,1,CÃ²n tiáº¿p,13,13,0,
Cực Đạo Võ Thánh Ta Giết Địch Liền Có Thể Mạnh Lên,3,Táº¡m dá»«ng,13,13,0,
Bắt Đầu Ra Ánh Sáng Cổ Nhân Hoàng Công Lao Sự Nghiệp Kinh Ngạc Đến Ngây Người Các Hoàng Đế,1,CÃ²n tiáº¿p,12,12,0,
Bắt Đầu Vô Địch Từ Lúc Dùng Mặt Đỡ Bom Hạt Nhân,3,Táº¡m dá»«ng,12,12,0,
Khi Sư Diệt Tổ Về Sau Ta Ác Đọa Thành Tà Ma Yêu Nữ,1,CÃ²n tiáº¿p,12,12,0,
Shi Ryougi Echo Of Nihility,1,CÃ²n tiáº¿p,12,12,0,
Chép Nhạc Lại Một Thế Ta Gặp Người,1,CÃ²n tiáº¿p,12,12,0,
Theo Vạn Hồn Phiên Bắt Đầu Bất Hủ Bất Diệt,3,Táº¡m dá»«ng,12,12,0,
Cổ Đạo Nghịch Thiên,1,CÃ²n tiáº¿p,12,12,0,
Vô Giải,1,CÃ²n tiáº¿p,12,12,0,
Giáo Sư Vĩnh Hằng,3,Táº¡m dá»«ng,11,11,0,
Nguyệt Chiếu Vô Tâm,1,CÃ²n tiáº¿p,11,11,0,
Từ Huyết Pháp Sư Đến Minh Hà Lão Tổ,1,CÃ²n tiáº¿p,11,11,0,
Quỷ Thực Nhân Biệt Đội Báo Thủ Bắt Đầu,1,CÃ²n tiáº¿p,11,11,0,
Bích Dương Tiên Môn,1,CÃ²n tiáº¿p,11,11,0,
Quỷ Dị Tai Ương,1,CÃ²n tiáº¿p,11,11,0,
Tu Tiên Ta Có Sharingan,1,CÃ²n tiáº¿p,11,11,0,
Hàn Môn Quật Khởi Võ Đạo Từ Thất Thương Quyền Bắt Đầu,1,CÃ²n tiáº¿p,11,11,0,
Mạt Thế Ta Là Số Mười,1,CÃ²n tiáº¿p,11,11,0,
Thân Du Vạn Giới,1,CÃ²n tiáº¿p,11,11,0,
Chấp Niệm Sinh Linh,1,CÃ²n tiáº¿p,11,11,0,
Đạo Diễn Xuất Sắc Nhất Sinh Ra,1,CÃ²n tiáº¿p,10,10,0,
Giải Trí Bắt Đầu Một Bài Cá Lớn Dẫn Bạo Giới Âm Nhạc,1,CÃ²n tiáº¿p,10,10,0,
Ai Đem Địa Phủ Câu Hồn Sứ Kéo Vào Quỷ Dị Phó Bản,1,CÃ²n tiáº¿p,10,10,0,
Tổng Võ Võ Đang Tảo Địa Tăng Đó Là Ta Tổ Sư Gia,1,CÃ²n tiáº¿p,10,10,0,
Chư Thiên Mô Phỏng Từ Già Thiên Bắt Đầu Vô Địch,1,CÃ²n tiáº¿p,10,10,0,
Hắc Bạch Chi Đạo,1,CÃ²n tiáº¿p,10,10,0,
Giải Trí Chơi Này Dương Mịch Tần Lam Nhiệt Ba Si Mê,1,CÃ²n tiáº¿p,10,10,0,
Bị Triệu Vương Đuổi Đi Thủy Hoàng Bái Ta Là Thừa Tướng,1,CÃ²n tiáº¿p,10,10,0,
Đồng Thời Xuyên Qua Công Pháp Tốc Thành Ta Tại Huyền Huyễn,1,CÃ²n tiáº¿p,10,10,0,
Hỏng Ta Thành Tiên Tử,1,CÃ²n tiáº¿p,10,10,0,
Bán Đảo Ta Sài Khuyển Bạn Gái,1,CÃ²n tiáº¿p,10,10,0,
Đạo Tẫn Tình Nhiên,1,CÃ²n tiáº¿p,10,10,0,
Tổng Mạn Từ Onepiece Sở Hữu Exodia,1,CÃ²n tiáº¿p,10,10,0,
Hội Thánh Lần Đầu Triệu Hoán Tôn Ngộ Không,1,CÃ²n tiáº¿p,10,10,0,
Mộng Tiêu Dao,1,CÃ²n tiáº¿p,10,10,0,
Người Tại Long Châu Bắt Đầu Lựa Chọn Siêu Saiya Thần,1,CÃ²n tiáº¿p,10,10,0,
Vững Vàng Tu Tiên Ngươi Đây Là Y Tu,3,Táº¡m dá»«ng,10,10,0,
Thái Thượng Kim Khuyết,1,CÃ²n tiáº¿p,10,10,0,
Màn Trời Đái Trường Lạc Du Lịch Hiện Đại Dẫn Các Triều Sợ Hãi Thán Phục,1,CÃ²n tiáº¿p,10,10,0,
Thợ Săn Tam Giới,1,CÃ²n tiáº¿p,10,10,0,
Trong Mơ Cái Gì Cũng Có,1,CÃ²n tiáº¿p,10,10,0,
Ta Thiên Đạo Lập Trình Viên Bắt Đầu Sửa Chữa Thiên Địa Quy Tắc,3,Táº¡m dá»«ng,10,10,0,
Ta Lấy Nhất Long Chi Lực Đánh Ngã Toàn Bộ Thế Giới,1,CÃ²n tiáº¿p,10,10,0,
Ta Muôn Vạn Kiếp Đều Không Thể Yêu Người,1,CÃ²n tiáº¿p,10,10,0,
Trò Chơi Xâm Lấn Theo Sơ Cấp Tiễn Thuật Bắt Đầu Vô Địch,1,CÃ²n tiáº¿p,10,10,0,
Quyền Hạn Tranh Phong,1,CÃ²n tiáº¿p,10,10,0,
Yêu Thảo Chứng Đạo Lộ,1,CÃ²n tiáº¿p,10,10,0,
Ta 10 Vạn Cường Hóa Thạch Chùy Bạo Hết Thảy Ma Vật,1,CÃ²n tiáº¿p,10,10,0,
Đại Lê Võ Thần,1,CÃ²n tiáº¿p,10,10,0,
Trí Mạng Xúc Cảm,1,CÃ²n tiáº¿p,10,10,0,
Làm Ruộng Sau Đó Đứng Ở Vô Hạn Chi Đỉnh,1,CÃ²n tiáº¿p,10,10,0,
Đại Tần Xuyên Qua Vương Hầu Nghịch Tập Giết Lưu Manh,1,CÃ²n tiáº¿p,10,10,0,
Tiên Lộ Ngự Ảnh,3,Táº¡m dá»«ng,10,10,0,
Linh Đường Tiên,3,Táº¡m dá»«ng,10,10,0,
Tên Điên Nhân Vật Phản Diện Bắt Đầu Vị Hôn Thê Tế Thiên Các Nhân Vật Chính Run Lẩy Bẩy,1,CÃ²n tiáº¿p,10,10,0,
Trong Hồ Cá Thần Giới,3,Táº¡m dá»«ng,10,10,0,
Mang Theo Làng Cát Cần Cù Làm Giàu,1,CÃ²n tiáº¿p,10,10,0,
Đêm Hè Tiếng Kêu Thảm Thiết,1,CÃ²n tiáº¿p,10,10,0,
Lê Triều Huyền Sử,1,CÃ²n tiáº¿p,10,10,0,
Tung Hoành Thiên Hạ,1,CÃ²n tiáº¿p,10,10,0,
Tiên Hóa Nguy Cơ,1,CÃ²n tiáº¿p,10,10,0,
Vạn Giới Rút Thẻ Sư,1,CÃ²n tiáº¿p,9,9,0,
Từ Lãnh Chúa Thế Giới Chuyển Sinh Đến Tu Tiên Thế Giới,1,CÃ²n tiáº¿p,9,9,0,
Sáu Số Không Miếu Hoang Thông Hiện Đại Rau Dại Đậu Giác Đoạt Điên Rồi,1,CÃ²n tiáº¿p,9,9,0,
Xem Như Người Chơi Ngài Có Thể Bình Thường Một Chút Sao,1,CÃ²n tiáº¿p,8,8,0,
Để Ngươi Luyện Sinh Hoạt Chức Nghiệp Ngươi Can Thành Thần Chức,1,CÃ²n tiáº¿p,8,8,0,
Quỷ Xăm,1,CÃ²n tiáº¿p,8,8,0,
Vừa Đính Hôn Từ Hôn Nghịch Tập Hệ Thống Tới,1,CÃ²n tiáº¿p,7,7,0,
Tu Tiên Từ Khôi Lỗi Sư Bắt Đầu,1,CÃ²n tiáº¿p,7,7,0,
Thiền Tiên,3,Táº¡m dá»«ng,6,6,0,
Tận Thế Đệ Nhất Kiếm Trước Chém Ý Trung Nhân,1,CÃ²n tiáº¿p,6,6,0,
Ta Thật Có Cố Gắng Tu Tiên A,3,Táº¡m dá»«ng,6,6,0,
Giản Dị Tự Nhiên Đại Sư Huynh,3,Táº¡m dá»«ng,5,5,0,
Đấu La Ta Chế Tác Riêng Hệ Thống Thành Tựu,1,CÃ²n tiáº¿p,5,5,0,
Đánh Dấu Thành Đế Ta Chỉ Muốn Diệt Thế,1,CÃ²n tiáº¿p,5,5,0,
Ăn Dưa Ngàn Năm Ta Thành Người Qua Đường Chân Tiên,3,Táº¡m dá»«ng,5,5,0,
Vô Hạn Khủng Bố,1,CÃ²n tiáº¿p,5,5,0,
Mạt Pháp Thời Đại Phiên Bản Cự Đầu,3,Táº¡m dá»«ng,4,4,0,
Ta Dùng Lôi Pháp Chứng Đạo Thành Tiên,1,CÃ²n tiáº¿p,3,3,0,
Klyntar Thôn Phệ,1,CÃ²n tiáº¿p,3,3,0,
Từ Phế Thổ Quật Khởi Quét Ngang Chư Thiên,1,CÃ²n tiáº¿p,2,2,0,
Tiên Tử Đừng Như Vậy,1,CÃ²n tiáº¿p,2,2,0,
Tại Marvel Lập Hội Ngân Sách,1,CÃ²n tiáº¿p,2,2,0,
Theo Gia Tộc Tử Đệ Bắt Đầu Thành Làm Tai Họa,1,CÃ²n tiáº¿p,2,2,0,
Thật Không Phải Đoạt Xá,3,Táº¡m dá»«ng,2,2,0,
Từ Dịch Thư Bắt Đầu Trích Đoạt Quả Vị,1,CÃ²n tiáº¿p,1,1,0,
Vực Ngoại Thiên Ma,1,CÃ²n tiáº¿p,1,1,0,
Bắt Đầu Chưởng Khống Ngụy Trung Hiền Trước Thịt Hắn Một Trăm Triệu,1,CÃ²n tiáº¿p,1,1,0,
Thập Phương Kiếm Chủ,1,CÃ²n tiáº¿p,1,1,0,
Tiên Tử Muốn Xấu Ta Đạo Tâm,3,Táº¡m dá»«ng,1,1,0,
